company,ticker,period_anchor,kpi_name,kpi_value,kpi_unit,kpi_definition,kpi_category,section_id,chunk_id,source_excerpt,source_url,confidence,notes
"Salesforce, Inc.",CRM,latest_disclosed,"attrition rate, excluding MuleSoft, Salesforce.org, Tableau and Slack",8.0,percent,"Attrition represents the reduction or loss of the annualized value of contracts with customers, calculated at a point in time on a trailing twelve-month basis as of the end of each month.",retention,10k_partii_item7_managements_discussion_3,section:10k_partii_item7_managements_discussion_3,"As of January 31, 2025, our attrition rate, excluding Slack self-service, was approximately eight percent.",https://www.sec.gov/Archives/edgar/data/1108524/000110852425000006/0001108524-25-000006-index.htm,high,EdgarPack which did not return chunk_id; section_id retained as fallback evidence locator.
"Salesforce, Inc.",CRM,latest_disclosed,Current remaining performance obligation,30.2,billions USD,Current remaining performance obligation represents future revenue under contract that is expected to be recognized as revenue in the next 12 months.,backlog,10k_partii_item7_managements_discussion_3,section:10k_partii_item7_managements_discussion_3,"Current remaining performance obligation as of January 31, 2025 was approximately $30.2 billion",https://www.sec.gov/Archives/edgar/data/1108524/000110852425000006/0001108524-25-000006-index.htm,high,EdgarPack which did not return chunk_id; section_id retained as fallback evidence locator.
"Salesforce, Inc.",CRM,latest_disclosed,employees,83334.0,count,,scale,10k_parti_item1_business,section:10k_parti_item1_business,"As of January 31, 2026, we had 83,334 employees.",https://www.sec.gov/Archives/edgar/data/1108524/000110852426000060/0001108524-26-000060-index.htm,high,EdgarPack which did not return chunk_id; section_id retained as fallback evidence locator.
"Salesforce, Inc.",CRM,latest_disclosed,Remaining performance obligation,63.4,billions USD,"Contracted revenue that has not yet been recognized, including invoiced unearned revenue and unbilled amounts expected to be recognized as revenue in future periods.",backlog,10k_partii_item7_managements_discussion_3,section:10k_partii_item7_managements_discussion_3,"Total remaining performance obligation, which represents all future revenue under contract yet to be recognized, as of January 31, 2025 was approximately $63.4 billion",https://www.sec.gov/Archives/edgar/data/1108524/000110852425000006/0001108524-25-000006-index.htm,high,EdgarPack which did not return chunk_id; section_id retained as fallback evidence locator.
"Datadog, Inc.",DDOG,latest_disclosed,customers,32700.0,count,,customer_scale,10k_parti_item1_business,4e673c920f1e856a,"As of December 31, 2025, we had approximately 32,700 customers in over 160 countries.",https://www.sec.gov/Archives/edgar/data/1561550/000162828026008819/0001628280-26-008819-index.htm,high,
"MongoDB, Inc.",MDB,latest_disclosed,customers,65200.0,count,"All affiliated entities are counted as a single customer, and users of free offerings are excluded.",customer_scale,10k_parti_item1_business,3b49574e0194293e,"As of January 31, 2026, we had over 65,200 customers spanning a wide range of industries in more than 100 countries around the world.",https://www.sec.gov/Archives/edgar/data/1441816/000162828026016799/0001628280-26-016799-index.htm,high,
"MongoDB, Inc.",MDB,latest_disclosed,employees,5636.0,count,Total number of company employees as of the fiscal year end date.,scale,10k_parti_item1_business,015693c7f00fd78b,"As of January 31, 2026, we had a total of 5,636 employees, including 2,927 employees located outside the United States.",https://www.sec.gov/Archives/edgar/data/1441816/000162828026016799/0001628280-26-016799-index.htm,high,
"MongoDB, Inc.",MDB,latest_disclosed,net annualized recurring revenue (“ARR”) expansion rate,121.0,percent,A measure demonstrating MongoDB's ability to expand sales within existing customers.,retention,10k_parti_item1_business,e51f36ffd679543d,"Our ability to expand within existing customers is demonstrated by our net annualized recurring revenue (“ARR”) expansion rate, which in the fourth quarter was 121%.",https://www.sec.gov/Archives/edgar/data/1441816/000162828026016799/0001628280-26-016799-index.htm,high,
"ServiceNow, Inc.",NOW,latest_disclosed,customers,8700.0,count,,customer_scale,10k_parti_item1_business,820938609dcac9a0,"As of December 31, 2025, we had approximately 8,700 customers across a wide variety of industries.",https://www.sec.gov/Archives/edgar/data/1373715/000137371526000007/0001373715-26-000007-index.htm,high,
"ServiceNow, Inc.",NOW,latest_disclosed,"employed 22,668 people on a full-time basis",22668.0,count,,scale,10k_parti_item1_business,7204ade98cc0e95e,"As of December 31, 2023, we employed 22,668 people on a full-time basis, 11,797 in the United States and 10,871 internationally.",https://www.sec.gov/Archives/edgar/data/1373715/000137371524000030/0001373715-24-000030-index.htm,high,"Latest `which` evidence is FY2023, not current fiscal year."
SHOPIFY INC.,SHOP,latest_disclosed,apps were available in the Shopify App Store,21000.0,count,,ecosystem,10k_parti_item1_business_2,22c9f0e73e55d270,"As of December 31, 2025, more than 21,000 apps were available in the Shopify App Store.",https://www.sec.gov/Archives/edgar/data/1594805/000159480526000007/0001594805-26-000007-index.htm,high,
SHOPIFY INC.,SHOP,latest_disclosed,employees worldwide,7600.0,count,,scale,10k_parti_item1_business_2,1c055545958dba2f,"As of December 31, 2025, Shopify had approximately 7,600 employees worldwide.",https://www.sec.gov/Archives/edgar/data/1594805/000159480526000007/0001594805-26-000007-index.htm,high,
SHOPIFY INC.,SHOP,latest_disclosed,GMV that was facilitated using Shopify Payments,248.1,billions USD,"GMV is the total dollar value of orders facilitated through Shopify's platform including certain apps and channels with revenue-sharing arrangements, net of refunds and inclusive of shipping and handling, duty and value-added taxes.",payments,10k_partii_item7_managements_discussion_3,ad9a3326b3b6312b,"For the year ended December 31, 2025, the Shopify Payments penetration rate was 65.6%, resulting in GMV of $248.1 billion that was facilitated using Shopify Payments.",https://www.sec.gov/Archives/edgar/data/1594805/000159480526000007/0001594805-26-000007-index.htm,high,
SHOPIFY INC.,SHOP,latest_disclosed,Shopify Payments penetration rate,65.6,percent,,payments,10k_partii_item7_managements_discussion_3,ad9a3326b3b6312b,"For the year ended December 31, 2025, the Shopify Payments penetration rate was 65.6%, resulting in GMV of $248.1 billion that was facilitated using Shopify Payments.",https://www.sec.gov/Archives/edgar/data/1594805/000159480526000007/0001594805-26-000007-index.htm,high,
Snowflake Inc.,SNOW,latest_disclosed,average of approximately 4.2 billion daily queries,4.2,billions count,Average daily queries processed across all customer accounts during the stated month.,usage,10k_parti_item1_business_2,1723d9908aab9bb7,"From January 1, 2024 to January 31, 2024, we processed an average of approximately 4.2 billion daily queries across all our customer accounts",https://www.sec.gov/Archives/edgar/data/1640147/000164014724000101/0001640147-24-000101-index.htm,high,
Snowflake Inc.,SNOW,latest_disclosed,customers that contributed more than $1 million in trailing 12-month product revenue,733.0,count,Number of customers that contributed more than $1 million in trailing 12-month product revenue.,enterprise_mix,10k_parti_item1_business_2,126e13ba3c69ce61,"The number of customers that contributed more than $1 million in trailing 12-month product revenue increased from 576 to 733 as of January 31, 2025 and 2026, respectively.",https://www.sec.gov/Archives/edgar/data/1640147/000164014726000008/0001640147-26-000008-index.htm,high,
Snowflake Inc.,SNOW,latest_disclosed,revenue contribution from Forbes Global 2000 customers,43.0,percent,Share of fiscal-year revenue contributed by customers included in the Forbes Global 2000 customer cohort.,enterprise_mix,10k_parti_item1_business_2,8848c8f5be2bc134,"those customers contributed approximately 43% of our revenue for the fiscal year ended January 31, 2026.",https://www.sec.gov/Archives/edgar/data/1640147/000164014726000008/0001640147-26-000008-index.htm,high,
Snowflake Inc.,SNOW,latest_disclosed,net revenue retention rate,125.0,percent,A measure of increased consumption by existing customers; the filing refers to the Key Business Metrics section for the full definition.,retention,10k_parti_item1_business_2,126e13ba3c69ce61,"our net revenue retention rate, which was 125% as of January 31, 2026.",https://www.sec.gov/Archives/edgar/data/1640147/000164014726000008/0001640147-26-000008-index.htm,high,
Snowflake Inc.,SNOW,latest_disclosed,total customers,13328.0,count,"Customer count is subject to adjustments for acquisitions, consolidations, spin-offs, and other market activity, with historical periods presented reflecting these adjustments.",customer_scale,10k_parti_item1_business_2,8848c8f5be2bc134,"As of January 31, 2026, we had 13,328 total customers, increasing from 10,996 customers as of January 31, 2025.",https://www.sec.gov/Archives/edgar/data/1640147/000164014726000008/0001640147-26-000008-index.htm,high,
Atlassian Corp,TEAM,latest_disclosed,customers,300000.0,count,,customer_scale,10k_parti_item1_business,9d8e0a9cf1961f2b,"powers more than 300,000 customers worldwide",https://www.sec.gov/Archives/edgar/data/1650372/000165037225000036/0001650372-25-000036-index.htm,high,
Atlassian Corp,TEAM,latest_disclosed,purchases of third-party apps,1.1,billions USD,Purchases of third-party apps generated through the Atlassian Marketplace during fiscal year 2023.,ecosystem,10k_parti_item1_business,49a56f8045902a74,"In fiscal year 2024 , the Atlassian Marketplace generated o ver $1.1 billion in gross purchases of third-party apps.",https://www.sec.gov/Archives/edgar/data/1650372/000165037224000036/0001650372-24-000036-index.htm,high,
"Zoom Communications, Inc.",ZM,latest_disclosed,integrations,3100.0,count,,ecosystem,10k_parti_item1_business,c5ecd4186f408ffb,"Zoom offers more than 3,100 apps on the Zoom App Marketplace and integrations with key software vendors, such as Microsoft and Google.",https://www.sec.gov/Archives/edgar/data/1585521/000158552126000030/0001585521-26-000030-index.htm,high,
"Zoom Communications, Inc.",ZM,latest_disclosed,full-time employees,7438.0,count,,scale,10k_parti_item1_business,f58605834c204a57,"As of January 31, 2026, we had 7,438 full-time employees.",https://www.sec.gov/Archives/edgar/data/1585521/000158552126000030/0001585521-26-000030-index.htm,high,
"Zoom Communications, Inc.",ZM,latest_disclosed,native PSTN connectivity,45.0,count,Countries and territories where Zoom Phone provides native public switched telephone network connectivity.,product_breadth,10k_parti_item1_business,02708823b02d06d4,"As of January 31, 2025, Zoom Phone provided native PSTN connectivity in more than 45 countries and territories.",https://www.sec.gov/Archives/edgar/data/1585521/000158552125000042/0001585521-25-000042-index.htm,high,
ADOBE INC.,ADBE,latest_disclosed,Total Adobe ARR,25.20,billions USD,Annual value of subscription contracts in Creative & Marketing Professionals and Business Professionals & Consumers customer groups.,arr,10k_partii_item7_managements_discussion_2,7f3e5a3398718b08,"Total Adobe ARR grew to $25.20 billion exiting fiscal 2025, representing 11.5% year-over-year growth.",https://www.sec.gov/Archives/edgar/data/796343/000079634326000003/0000796343-26-000003-index.htm,high,Filing-section fallback because `which` did not discover Adobe ARR.
ADOBE INC.,ADBE,latest_disclosed,Digital Media ARR,19.20,billions USD,Digital Media ARR is annual value of Digital Media subscriptions/services plus annual Digital Media ETLA contract value.,arr,10k_partii_item7_managements_discussion_2,7f3e5a3398718b08,"Digital Media ARR grew to $19.20 billion at the end of fiscal 2025, representing 11.5% year-over-year growth.",https://www.sec.gov/Archives/edgar/data/796343/000079634326000003/0000796343-26-000003-index.htm,high,Filing-section fallback because `which` did not discover Adobe ARR.
HUBSPOT INC,HUBS,latest_disclosed,Customers,288706,count,HubSpot customers as defined in Key Business Metrics.,customer_scale,10k_partiv_item1_business,a22b9583c2772f39,"As of December 31, 2025, HubSpot had 288,706 Customers.",https://www.sec.gov/Archives/edgar/data/1404655/000119312526046646/0001193125-26-046646-index.htm,high,Filing-section fallback because default `which` stalled and catalog fallback returned zero KPIs.
HUBSPOT INC,HUBS,latest_disclosed,Average Subscription Revenue per Customer,11414,USD,Subscription revenue from Customers during the period divided by average Customers during the same period.,customer_monetization,10k_parti_item1a_risk_factors,section:10k_parti_item1a_risk_factors,"Average Subscription Revenue per Customer increased to $11,414 for the year ended December 31, 2025.",https://www.sec.gov/Archives/edgar/data/1404655/000119312526046646/0001193125-26-046646-index.htm,medium,"Filing-section fallback; exact chunk not mapped from rg output, section locator retained."
"Workday, Inc.",WDAY,latest_disclosed,Total subscription revenue backlog,28.1,billions USD,"Contracted subscription services revenues not yet recognized, including billed and unbilled amounts.",backlog,10k_partii_item7_managements_discussion_2,5d924f005864141e,"As of January 31, 2026, total subscription revenue backlog was $28.1 billion.",https://www.sec.gov/Archives/edgar/data/1327811/000132781126000014/0001327811-26-000014-index.htm,high,Filing-section fallback because catalog-only `which` returned zero KPIs.
"Workday, Inc.",WDAY,latest_disclosed,12-month subscription revenue backlog,8.8,billions USD,Subscription revenue backlog expected to be recognized in revenues over the next 12 months.,backlog,10k_partii_item7_managements_discussion_2,5d924f005864141e,"As of January 31, 2026, $8.8 billion was expected to be recognized in revenues over the next 12 months.",https://www.sec.gov/Archives/edgar/data/1327811/000132781126000014/0001327811-26-000014-index.htm,high,Filing-section fallback because catalog-only `which` returned zero KPIs.
