ccy_pair,month_end_date,spot_end,period_average
CNY/USD,1981-01-30,0.629485,0.644512
CNY/USD,1981-02-27,0.618085,0.619975
CNY/USD,1981-03-31,0.618620,0.613019
CNY/USD,1981-04-30,0.592347,0.600313
CNY/USD,1981-05-29,0.572082,0.579091
CNY/USD,1981-06-30,0.571070,0.568039
CNY/USD,1981-07-31,0.560381,0.566696
CNY/USD,1981-08-31,0.564111,0.555516
CNY/USD,1981-09-30,0.564366,0.570146
CNY/USD,1981-10-30,0.565675,0.569004
CNY/USD,1981-11-30,0.582377,0.574439
CNY/USD,1981-12-31,0.571461,0.574585
CNY/USD,1982-01-29,0.556328,0.564624
CNY/USD,1982-02-26,0.544811,0.549482
CNY/USD,1982-03-31,0.534131,0.542669
CNY/USD,1982-04-30,0.545464,0.538673
CNY/USD,1982-05-28,0.545524,0.551790
CNY/USD,1982-06-30,0.516582,0.526162
CNY/USD,1982-07-30,0.517813,0.518175
CNY/USD,1982-08-31,0.512794,0.514667
CNY/USD,1982-09-30,0.506765,0.511084
CNY/USD,1982-10-29,0.498853,0.502879
CNY/USD,1982-11-30,0.502361,0.499961
CNY/USD,1982-12-31,0.518807,0.514293
CNY/USD,1983-01-31,0.513769,0.519859
CNY/USD,1983-02-28,0.506688,0.508842
CNY/USD,1983-03-31,0.500225,0.504207
CNY/USD,1983-04-29,0.502285,0.501549
CNY/USD,1983-05-31,0.500275,0.502650
CNY/USD,1983-06-30,0.502816,0.501287
CNY/USD,1983-07-29,0.500375,0.500848
CNY/USD,1983-08-31,0.502462,0.503987
CNY/USD,1983-09-30,0.504999,0.503357
CNY/USD,1983-10-31,0.504032,0.508539
CNY/USD,1983-11-30,0.501505,0.501505
CNY/USD,1983-12-30,0.503550,0.502007
CNY/USD,1984-01-31,0.481000,0.488118
CNY/USD,1984-02-29,0.487353,0.484786
CNY/USD,1984-03-30,0.484520,0.484375
CNY/USD,1984-04-30,0.468845,0.477840
CNY/USD,1984-05-31,0.450999,0.457387
CNY/USD,1984-06-29,0.443872,0.450951
CNY/USD,1984-07-31,0.427826,0.434908
CNY/USD,1984-08-31,0.413291,0.421707
CNY/USD,1984-09-28,0.388410,0.392780
CNY/USD,1984-10-31,0.377843,0.377618
CNY/USD,1984-11-30,0.357743,0.373663
CNY/USD,1984-12-31,0.356799,0.357747
CNY/USD,1985-01-31,0.355025,0.355110
CNY/USD,1985-02-28,0.351902,0.352780
CNY/USD,1985-03-29,0.353744,0.350480
CNY/USD,1985-04-30,0.349736,0.351130
CNY/USD,1985-05-31,0.350779,0.350193
CNY/USD,1985-06-28,0.346608,0.348519
CNY/USD,1985-07-31,0.346620,0.347119
CNY/USD,1985-08-30,0.342841,0.343730
CNY/USD,1985-09-30,0.336078,0.336459
CNY/USD,1985-10-31,0.311575,0.325021
CNY/USD,1985-11-29,0.311575,0.311665
CNY/USD,1985-12-31,0.311575,0.311575
CNY/USD,1986-01-31,0.311575,0.311575
CNY/USD,1986-02-28,0.310955,0.311020
CNY/USD,1986-03-31,0.309713,0.310536
CNY/USD,1986-04-30,0.312510,0.311111
CNY/USD,1986-05-30,0.310646,0.312363
CNY/USD,1986-06-30,0.311886,0.311382
CNY/USD,1986-07-31,0.269331,0.275162
CNY/USD,1986-08-29,0.269331,0.269331
CNY/USD,1986-09-30,0.268528,0.269178
CNY/USD,1986-10-31,0.267996,0.268407
CNY/USD,1986-11-28,0.267996,0.267996
CNY/USD,1986-12-31,0.267996,0.267996
CNY/USD,1987-01-30,0.267996,0.267996
CNY/USD,1987-02-27,0.267996,0.267996
CNY/USD,1987-03-31,0.267996,0.267996
CNY/USD,1987-04-30,0.267996,0.267996
CNY/USD,1987-05-29,0.267996,0.267996
CNY/USD,1987-06-30,0.267996,0.267996
CNY/USD,1987-07-31,0.267996,0.267996
CNY/USD,1987-08-31,0.267996,0.267996
CNY/USD,1987-09-30,0.267996,0.267996
CNY/USD,1987-10-30,0.267996,0.267996
CNY/USD,1987-11-30,0.267996,0.267996
CNY/USD,1987-12-31,0.267996,0.267996
CNY/USD,1988-01-29,0.267996,0.267996
CNY/USD,1988-02-29,0.267996,0.267996
CNY/USD,1988-03-31,0.267996,0.267996
CNY/USD,1988-04-29,0.267996,0.267996
CNY/USD,1988-05-31,0.267996,0.267996
CNY/USD,1988-06-30,0.267996,0.267996
CNY/USD,1988-07-29,0.267996,0.267996
CNY/USD,1988-08-31,0.267996,0.267996
CNY/USD,1988-09-30,0.267996,0.267996
CNY/USD,1988-10-31,0.267996,0.267996
CNY/USD,1988-11-30,0.267996,0.267996
CNY/USD,1988-12-30,0.267996,0.267996
CNY/USD,1989-01-31,0.267996,0.267996
CNY/USD,1989-02-28,0.267996,0.267996
CNY/USD,1989-03-31,0.267996,0.267996
CNY/USD,1989-04-28,0.267996,0.267996
CNY/USD,1989-05-31,0.267996,0.267996
CNY/USD,1989-06-30,0.267996,0.267995
CNY/USD,1989-07-31,0.267996,0.267996
CNY/USD,1989-08-31,0.267996,0.267996
CNY/USD,1989-09-29,0.267996,0.267996
CNY/USD,1989-10-31,0.267996,0.267996
CNY/USD,1989-11-30,0.267996,0.267996
CNY/USD,1989-12-29,0.211242,0.242457
CNY/USD,1990-01-31,0.211242,0.211242
CNY/USD,1990-02-28,0.211242,0.211242
CNY/USD,1990-03-30,0.211242,0.211242
CNY/USD,1990-04-30,0.211242,0.211244
CNY/USD,1990-05-31,0.211242,0.211242
CNY/USD,1990-06-29,0.211242,0.211243
CNY/USD,1990-07-31,0.211242,0.211242
CNY/USD,1990-08-31,0.211242,0.211242
CNY/USD,1990-09-28,0.211242,0.211228
CNY/USD,1990-10-31,0.211242,0.211242
CNY/USD,1990-11-30,0.191015,0.201661
CNY/USD,1990-12-31,0.191015,0.191015
CNY/USD,1991-01-31,0.191015,0.191015
CNY/USD,1991-02-28,0.191015,0.191015
CNY/USD,1991-03-29,0.191015,0.191015
CNY/USD,1991-04-29,0.188551,0.189517
CNY/USD,1991-05-31,0.186951,0.187769
CNY/USD,1991-06-28,0.186254,0.186334
CNY/USD,1991-07-31,0.186550,0.186244
CNY/USD,1991-08-30,0.185660,0.186135
CNY/USD,1991-09-27,0.185532,0.185635
CNY/USD,1991-10-31,0.185377,0.185471
CNY/USD,1991-11-29,0.184792,0.185205
CNY/USD,1991-12-31,0.183560,0.184395
CNY/USD,1992-01-31,0.182862,0.183090
CNY/USD,1992-02-28,0.182382,0.182561
CNY/USD,1992-03-31,0.182442,0.182245
CNY/USD,1992-04-30,0.181032,0.181499
CNY/USD,1992-05-29,0.181660,0.181220
CNY/USD,1992-06-30,0.182622,0.182173
CNY/USD,1992-07-31,0.184043,0.183274
CNY/USD,1992-08-31,0.184505,0.183768
CNY/USD,1992-09-30,0.181357,0.181670
CNY/USD,1992-10-26,0.179682,0.180228
CNY/USD,1992-11-30,0.174395,0.178159
CNY/USD,1992-12-31,0.173424,0.172111
CNY/USD,1993-01-29,0.172729,0.173022
CNY/USD,1993-02-26,0.173774,0.172790
CNY/USD,1993-03-31,0.174420,0.174051
CNY/USD,1993-04-26,0.175205,0.174820
CNY/USD,1993-05-28,0.174116,0.174241
CNY/USD,1993-06-30,0.173142,0.173904
CNY/USD,1993-07-30,0.173142,0.173142
CNY/USD,1993-08-31,0.172227,0.172694
CNY/USD,1993-09-30,0.172375,0.172368
CNY/USD,1993-10-29,0.172375,0.172375
CNY/USD,1993-11-30,0.171836,0.172160
CNY/USD,1993-12-31,0.171984,0.171792
CNY/USD,1994-01-31,0.114657,0.114654
CNY/USD,1994-02-28,0.114597,0.114615
CNY/USD,1994-03-31,0.114550,0.114625
CNY/USD,1994-04-29,0.114617,0.114612
CNY/USD,1994-05-31,0.115213,0.115129
CNY/USD,1994-06-30,0.115318,0.115160
CNY/USD,1994-07-29,0.115745,0.115467
CNY/USD,1994-08-31,0.116562,0.116182
CNY/USD,1994-09-30,0.116959,0.116848
CNY/USD,1994-10-31,0.117014,0.116970
CNY/USD,1994-11-30,0.117247,0.117137
CNY/USD,1994-12-30,0.118117,0.117601
CNY/USD,1995-01-31,0.118226,0.118192
CNY/USD,1995-02-28,0.118328,0.118269
CNY/USD,1995-03-31,0.118394,0.118367
CNY/USD,1995-04-28,0.118661,0.118454
CNY/USD,1995-05-31,0.120113,0.119950
CNY/USD,1995-06-30,0.120176,0.120184
CNY/USD,1995-07-31,0.120188,0.120182
CNY/USD,1995-08-31,0.120051,0.120116
CNY/USD,1995-09-29,0.119926,0.119941
CNY/USD,1995-10-31,0.119977,0.119971
CNY/USD,1995-11-30,0.120025,0.119998
CNY/USD,1995-12-29,0.119941,0.119976
CNY/USD,1996-01-31,0.119993,0.119927
CNY/USD,1996-02-29,0.119888,0.119994
CNY/USD,1996-03-29,0.119706,0.119767
CNY/USD,1996-04-30,0.119759,0.119740
CNY/USD,1996-05-31,0.119825,0.119791
CNY/USD,1996-06-28,0.119874,0.119870
CNY/USD,1996-07-31,0.119894,0.119891
CNY/USD,1996-08-30,0.119957,0.119934
CNY/USD,1996-09-30,0.120024,0.119989
CNY/USD,1996-10-31,0.120048,0.120049
CNY/USD,1996-11-29,0.120031,0.120057
CNY/USD,1996-12-31,0.120071,0.120062
CNY/USD,1997-01-31,0.120143,0.120106
CNY/USD,1997-02-28,0.120114,0.120153
CNY/USD,1997-03-31,0.120113,0.120109
CNY/USD,1997-04-30,0.120127,0.120111
CNY/USD,1997-05-30,0.120162,0.120151
CNY/USD,1997-06-30,0.120182,0.120158
CNY/USD,1997-07-31,0.120608,0.120248
CNY/USD,1997-08-29,0.120215,0.120211
CNY/USD,1997-09-30,0.120266,0.120235
CNY/USD,1997-10-31,0.120288,0.120286
CNY/USD,1997-11-28,0.120343,0.120324
CNY/USD,1997-12-31,0.120337,0.120338
CNY/USD,1998-01-30,0.120337,0.120345
CNY/USD,1998-02-27,0.120337,0.120378
CNY/USD,1998-03-31,0.120773,0.120372
CNY/USD,1998-04-30,0.120337,0.120398
CNY/USD,1998-05-29,0.120337,0.120360
CNY/USD,1998-06-30,0.120337,0.120337
CNY/USD,1998-07-31,0.120337,0.120337
CNY/USD,1998-08-31,0.120337,0.120337
CNY/USD,1998-09-30,0.120802,0.120403
CNY/USD,1998-10-30,0.120805,0.120805
CNY/USD,1998-11-30,0.120799,0.120805
CNY/USD,1998-12-31,0.120789,0.120803
CNY/USD,1999-01-29,0.120805,0.120789
CNY/USD,1999-02-26,0.120788,0.120800
CNY/USD,1999-03-31,0.120773,0.120785
CNY/USD,1999-04-30,0.120788,0.120785
CNY/USD,1999-05-28,0.120793,0.120794
CNY/USD,1999-06-30,0.120792,0.120802
CNY/USD,1999-07-30,0.120811,0.120808
CNY/USD,1999-08-31,0.120817,0.120813
CNY/USD,1999-09-30,0.120805,0.120810
CNY/USD,1999-10-29,0.120805,0.120810
CNY/USD,1999-11-30,0.120789,0.120799
CNY/USD,1999-12-31,0.120780,0.120782
CNY/USD,2000-01-31,0.120807,0.120784
CNY/USD,2000-02-29,0.120793,0.120800
CNY/USD,2000-03-31,0.120792,0.120794
CNY/USD,2000-04-28,0.120774,0.120783
CNY/USD,2000-05-31,0.120812,0.120801
CNY/USD,2000-06-30,0.120799,0.120814
CNY/USD,2000-07-31,0.120785,0.120782
CNY/USD,2000-08-31,0.120793,0.120779
CNY/USD,2000-09-29,0.120776,0.120794
CNY/USD,2000-10-31,0.120809,0.120795
CNY/USD,2000-11-30,0.120807,0.120811
CNY/USD,2000-12-29,0.120811,0.120815
CNY/USD,2001-01-31,0.120801,0.120808
CNY/USD,2001-02-28,0.120798,0.120816
CNY/USD,2001-03-30,0.120807,0.120809
CNY/USD,2001-04-30,0.120811,0.120815
CNY/USD,2001-05-31,0.120817,0.120817
CNY/USD,2001-06-29,0.120821,0.120816
CNY/USD,2001-07-31,0.120817,0.120818
CNY/USD,2001-08-31,0.120818,0.120817
CNY/USD,2001-09-28,0.120820,0.120820
CNY/USD,2001-10-31,0.120820,0.120820
CNY/USD,2001-11-30,0.120814,0.120818
CNY/USD,2001-12-31,0.120823,0.120825
CNY/USD,2002-01-31,0.120824,0.120815
CNY/USD,2002-02-28,0.120824,0.120821
CNY/USD,2002-03-29,0.120811,0.120813
CNY/USD,2002-04-30,0.120812,0.120813
CNY/USD,2002-05-31,0.120824,0.120817
CNY/USD,2002-06-28,0.120815,0.120821
CNY/USD,2002-07-31,0.120821,0.120819
CNY/USD,2002-08-30,0.120820,0.120821
CNY/USD,2002-09-30,0.120811,0.120816
CNY/USD,2002-10-31,0.120815,0.120815
CNY/USD,2002-11-29,0.120812,0.120814
CNY/USD,2002-12-31,0.120773,0.120806
CNY/USD,2003-01-31,0.120820,0.120810
CNY/USD,2003-02-28,0.120809,0.120802
CNY/USD,2003-03-31,0.120811,0.120813
CNY/USD,2003-04-30,0.120815,0.120814
CNY/USD,2003-05-30,0.120820,0.120818
CNY/USD,2003-06-30,0.120808,0.120815
CNY/USD,2003-07-31,0.120811,0.120812
CNY/USD,2003-08-29,0.120814,0.120816
CNY/USD,2003-09-30,0.120815,0.120814
CNY/USD,2003-10-31,0.120823,0.120819
CNY/USD,2003-11-28,0.120817,0.120818
CNY/USD,2003-12-31,0.120821,0.120817
CNY/USD,2004-01-30,0.120820,0.120817
CNY/USD,2004-02-27,0.120818,0.120815
CNY/USD,2004-03-31,0.120817,0.120816
CNY/USD,2004-04-30,0.120815,0.120818
CNY/USD,2004-05-28,0.120818,0.120816
CNY/USD,2004-06-30,0.120823,0.120822
CNY/USD,2004-07-30,0.120818,0.120821
CNY/USD,2004-08-31,0.120823,0.120820
CNY/USD,2004-09-30,0.120823,0.120822
CNY/USD,2004-10-29,0.120823,0.120823
CNY/USD,2004-11-30,0.120824,0.120824
CNY/USD,2004-12-31,0.120824,0.120824
CNY/USD,2005-01-31,0.120824,0.120824
CNY/USD,2005-02-28,0.120824,0.120824
CNY/USD,2005-03-31,0.120824,0.120824
CNY/USD,2005-04-29,0.120824,0.120824
CNY/USD,2005-05-31,0.120824,0.120824
CNY/USD,2005-06-30,0.120824,0.120824
CNY/USD,2005-07-29,0.123371,0.121570
CNY/USD,2005-08-31,0.123460,0.123431
CNY/USD,2005-09-30,0.123579,0.123580
CNY/USD,2005-10-31,0.123693,0.123617
CNY/USD,2005-11-30,0.123756,0.123701
CNY/USD,2005-12-30,0.123913,0.123831
CNY/USD,2006-01-31,0.124057,0.123987
CNY/USD,2006-02-28,0.124355,0.124205
CNY/USD,2006-03-31,0.124740,0.124455
CNY/USD,2006-04-28,0.124743,0.124776
CNY/USD,2006-05-31,0.124665,0.124796
CNY/USD,2006-06-30,0.125089,0.124935
CNY/USD,2006-07-31,0.125486,0.125161
CNY/USD,2006-08-31,0.125726,0.125436
CNY/USD,2006-09-29,0.126518,0.126050
CNY/USD,2006-10-31,0.126928,0.126554
CNY/USD,2006-11-30,0.127649,0.127191
CNY/USD,2006-12-29,0.128138,0.127846
CNY/USD,2007-01-31,0.128677,0.128409
CNY/USD,2007-02-28,0.129182,0.129029
CNY/USD,2007-03-30,0.129480,0.129250
CNY/USD,2007-04-30,0.129719,0.129455
CNY/USD,2007-05-31,0.130692,0.130256
CNY/USD,2007-06-29,0.131372,0.131006
CNY/USD,2007-07-31,0.132066,0.132002
CNY/USD,2007-08-31,0.132517,0.132043
CNY/USD,2007-09-28,0.133461,0.132962
CNY/USD,2007-10-31,0.133901,0.133300
CNY/USD,2007-11-30,0.135410,0.134755
CNY/USD,2007-12-31,0.137088,0.135722
CNY/USD,2008-01-31,0.139241,0.138115
CNY/USD,2008-02-29,0.140617,0.139580
CNY/USD,2008-03-31,0.142613,0.141401
CNY/USD,2008-04-30,0.143123,0.142864
CNY/USD,2008-05-30,0.144092,0.143422
CNY/USD,2008-06-30,0.145792,0.144944
CNY/USD,2008-07-31,0.146224,0.146296
CNY/USD,2008-08-29,0.146516,0.146068
CNY/USD,2008-09-30,0.147278,0.146398
CNY/USD,2008-10-31,0.146224,0.146290
CNY/USD,2008-11-28,0.146512,0.146455
CNY/USD,2008-12-31,0.146574,0.145904
CNY/USD,2009-01-30,0.146216,0.146284
CNY/USD,2009-02-27,0.146210,0.146278
CNY/USD,2009-03-31,0.146351,0.146284
CNY/USD,2009-04-30,0.146671,0.146400
CNY/USD,2009-05-29,0.146460,0.146553
CNY/USD,2009-06-30,0.146409,0.146340
CNY/USD,2009-07-31,0.146372,0.146377
CNY/USD,2009-08-31,0.146415,0.146364
CNY/USD,2009-09-30,0.146494,0.146463
CNY/USD,2009-10-30,0.146490,0.146484
CNY/USD,2009-11-30,0.146488,0.146476
CNY/USD,2009-12-31,0.146501,0.146467
CNY/USD,2010-01-29,0.146482,0.146479
CNY/USD,2010-02-26,0.146503,0.146446
CNY/USD,2010-03-31,0.146503,0.146495
CNY/USD,2010-04-30,0.146527,0.146508
CNY/USD,2010-05-28,0.146402,0.146468
CNY/USD,2010-06-30,0.147460,0.146662
CNY/USD,2010-07-30,0.147634,0.147575
CNY/USD,2010-08-31,0.146910,0.147335
CNY/USD,2010-09-30,0.149466,0.148382
CNY/USD,2010-10-29,0.149909,0.149976
CNY/USD,2010-11-30,0.149993,0.150291
CNY/USD,2010-12-30,0.151515,0.150384
CNY/USD,2011-01-31,0.151476,0.151599
CNY/USD,2011-02-28,0.152177,0.152066
CNY/USD,2011-03-31,0.152711,0.152336
CNY/USD,2011-04-29,0.154083,0.153218
CNY/USD,2011-05-31,0.154354,0.153949
CNY/USD,2011-06-30,0.154715,0.154451
CNY/USD,2011-07-29,0.155376,0.154858
CNY/USD,2011-08-31,0.156794,0.156164
CNY/USD,2011-09-30,0.156789,0.156532
CNY/USD,2011-10-31,0.157364,0.156963
CNY/USD,2011-11-30,0.156826,0.157322
CNY/USD,2011-12-30,0.158884,0.157526
CNY/USD,2012-01-31,0.158529,0.158299
CNY/USD,2012-02-29,0.158894,0.158738
CNY/USD,2012-03-30,0.158793,0.158417
CNY/USD,2012-04-30,0.159261,0.158621
CNY/USD,2012-05-31,0.157025,0.158124
CNY/USD,2012-06-29,0.157406,0.157152
CNY/USD,2012-07-31,0.157208,0.156943
CNY/USD,2012-08-31,0.157520,0.157251
CNY/USD,2012-09-28,0.159114,0.158229
CNY/USD,2012-10-31,0.160328,0.159676
CNY/USD,2012-11-30,0.160604,0.160417
CNY/USD,2012-12-31,0.160511,0.160441
CNY/USD,2013-01-31,0.160808,0.160733
CNY/USD,2013-02-28,0.160738,0.160455
CNY/USD,2013-03-29,0.161010,0.160890
CNY/USD,2013-04-30,0.162214,0.161653
CNY/USD,2013-05-31,0.163026,0.162824
CNY/USD,2013-06-28,0.162935,0.163022
CNY/USD,2013-07-31,0.163175,0.163019
CNY/USD,2013-08-30,0.163417,0.163365
CNY/USD,2013-09-30,0.163399,0.163404
CNY/USD,2013-10-31,0.164088,0.163849
CNY/USD,2013-11-29,0.164144,0.164125
CNY/USD,2013-12-31,0.165188,0.164642
CNY/USD,2014-01-31,0.165044,0.165264
CNY/USD,2014-02-28,0.162739,0.164434
CNY/USD,2014-03-31,0.160865,0.162005
CNY/USD,2014-04-30,0.159767,0.160654
CNY/USD,2014-05-30,0.160074,0.160309
CNY/USD,2014-06-30,0.161197,0.160499
CNY/USD,2014-07-31,0.161977,0.161332
CNY/USD,2014-08-29,0.162787,0.162493
CNY/USD,2014-09-30,0.162920,0.162914
CNY/USD,2014-10-31,0.163602,0.163264
CNY/USD,2014-11-28,0.162790,0.163268
CNY/USD,2014-12-31,0.161171,0.161589
CNY/USD,2015-01-30,0.160013,0.160821
CNY/USD,2015-02-27,0.159502,0.159953
CNY/USD,2015-03-31,0.161316,0.160296
CNY/USD,2015-04-30,0.161244,0.161265
CNY/USD,2015-05-29,0.161342,0.161201
CNY/USD,2015-06-30,0.161290,0.161155
CNY/USD,2015-07-31,0.161038,0.161071
CNY/USD,2015-08-31,0.156838,0.157800
CNY/USD,2015-09-30,0.157342,0.157045
CNY/USD,2015-10-30,0.158278,0.157468
CNY/USD,2015-11-30,0.156536,0.157136
CNY/USD,2015-12-31,0.154373,0.155065
CNY/USD,2016-01-29,0.152087,0.152148
CNY/USD,2016-02-29,0.152614,0.152673
CNY/USD,2016-03-31,0.155087,0.153785
CNY/USD,2016-04-29,0.154469,0.154430
CNY/USD,2016-05-31,0.151980,0.153239
CNY/USD,2016-06-30,0.150469,0.151766
CNY/USD,2016-07-29,0.150668,0.149766
CNY/USD,2016-08-31,0.149754,0.150454
CNY/USD,2016-09-30,0.149959,0.149921
CNY/USD,2016-10-31,0.147634,0.148587
CNY/USD,2016-11-30,0.145271,0.146206
CNY/USD,2016-12-30,0.144030,0.144517
CNY/USD,2017-01-31,0.145416,0.145127
CNY/USD,2017-02-28,0.145635,0.145573
CNY/USD,2017-03-31,0.145281,0.145054
CNY/USD,2017-04-28,0.145138,0.145190
CNY/USD,2017-05-31,0.146847,0.145259
CNY/USD,2017-06-30,0.147508,0.146918
CNY/USD,2017-07-31,0.148721,0.147725
CNY/USD,2017-08-31,0.151773,0.149998
CNY/USD,2017-09-29,0.150301,0.152240
CNY/USD,2017-10-31,0.150766,0.150937
CNY/USD,2017-11-30,0.151309,0.151058
CNY/USD,2017-12-29,0.153697,0.151675
CNY/USD,2018-01-31,0.159132,0.155704
CNY/USD,2018-02-28,0.158028,0.158272
CNY/USD,2018-03-30,0.159424,0.158296
CNY/USD,2018-04-30,0.157916,0.158816
CNY/USD,2018-05-31,0.156016,0.156986
CNY/USD,2018-06-29,0.151124,0.154699
CNY/USD,2018-07-31,0.146977,0.148903
CNY/USD,2018-08-31,0.146413,0.146089
CNY/USD,2018-09-28,0.145603,0.145878
CNY/USD,2018-10-31,0.143396,0.144531
CNY/USD,2018-11-30,0.143765,0.144162
CNY/USD,2018-12-31,0.145444,0.145271
CNY/USD,2019-01-31,0.149347,0.147363
CNY/USD,2019-02-28,0.149450,0.148444
CNY/USD,2019-03-29,0.149005,0.148988
CNY/USD,2019-04-30,0.148485,0.148897
CNY/USD,2019-05-31,0.144871,0.145959
CNY/USD,2019-06-28,0.145666,0.144978
CNY/USD,2019-07-31,0.145279,0.145402
CNY/USD,2019-08-30,0.139776,0.141598
CNY/USD,2019-09-30,0.139905,0.140575
CNY/USD,2019-10-31,0.142088,0.140926
CNY/USD,2019-11-29,0.142231,0.142453
CNY/USD,2019-12-31,0.143641,0.142580
CNY/USD,2020-01-31,0.144590,0.144546
CNY/USD,2020-02-28,0.143049,0.142926
CNY/USD,2020-03-31,0.141227,0.142453
CNY/USD,2020-04-30,0.141599,0.141427
CNY/USD,2020-05-29,0.140158,0.140816
CNY/USD,2020-06-30,0.141541,0.141213
CNY/USD,2020-07-31,0.143382,0.142775
CNY/USD,2020-08-31,0.146041,0.144366
CNY/USD,2020-09-30,0.147284,0.146832
CNY/USD,2020-10-30,0.149434,0.148696
CNY/USD,2020-11-30,0.152068,0.151455
CNY/USD,2020-12-31,0.153257,0.152922
CNY/USD,2021-01-29,0.155565,0.154628
CNY/USD,2021-02-26,0.154488,0.154798
CNY/USD,2021-03-31,0.152630,0.153593
CNY/USD,2021-04-30,0.154443,0.153410
CNY/USD,2021-05-28,0.157050,0.155475
CNY/USD,2021-06-30,0.154880,0.155646
CNY/USD,2021-07-30,0.154777,0.154411
CNY/USD,2021-08-31,0.154789,0.154398
CNY/USD,2021-09-30,0.155198,0.154888
CNY/USD,2021-10-29,0.156128,0.155833
CNY/USD,2021-11-30,0.157134,0.156521
CNY/USD,2021-12-30,0.156922,0.157004
CNY/USD,2022-01-31,0.157208,0.157343
CNY/USD,2022-02-28,0.158519,0.157642
CNY/USD,2022-03-31,0.157746,0.157617
CNY/USD,2022-04-29,0.151332,0.155528
CNY/USD,2022-05-31,0.149891,0.149287
CNY/USD,2022-06-30,0.149296,0.149363
CNY/USD,2022-07-29,0.148295,0.148476
CNY/USD,2022-08-31,0.145159,0.147055
CNY/USD,2022-09-30,0.140578,0.142484
CNY/USD,2022-10-31,0.136896,0.139088
CNY/USD,2022-11-30,0.141086,0.139268
CNY/USD,2022-12-30,0.144986,0.143439
CNY/USD,2023-01-31,0.148060,0.147275
CNY/USD,2023-02-28,0.144248,0.146254
CNY/USD,2023-03-31,0.145611,0.145122
CNY/USD,2023-04-28,0.144697,0.145190
CNY/USD,2023-05-31,0.140647,0.143169
CNY/USD,2023-06-30,0.137906,0.139645
CNY/USD,2023-07-31,0.140005,0.139158
CNY/USD,2023-08-31,0.137775,0.137963
CNY/USD,2023-09-29,0.137061,0.137026
CNY/USD,2023-10-31,0.136676,0.136853
CNY/USD,2023-11-30,0.140135,0.138467
CNY/USD,2023-12-29,0.140847,0.140053
CNY/USD,2024-01-31,0.139523,0.139457
CNY/USD,2024-02-29,0.138933,0.139015
CNY/USD,2024-03-29,0.138498,0.138861
CNY/USD,2024-04-30,0.138120,0.138171
CNY/USD,2024-05-31,0.138102,0.138261
CNY/USD,2024-06-28,0.137605,0.137841
CNY/USD,2024-07-31,0.138518,0.137724
CNY/USD,2024-08-30,0.141044,0.139912
CNY/USD,2024-09-30,0.142499,0.141327
CNY/USD,2024-10-31,0.140493,0.141086
CNY/USD,2024-11-29,0.138078,0.138775
CNY/USD,2024-12-31,0.136999,0.137350
CNY/USD,2025-01-31,0.138080,0.137071
CNY/USD,2025-02-28,0.137310,0.137488
CNY/USD,2025-03-31,0.137804,0.137946
CNY/USD,2025-04-30,0.137540,0.137048
CNY/USD,2025-05-30,0.138906,0.138572
CNY/USD,2025-06-30,0.139595,0.139269
CNY/USD,2025-07-31,0.138885,0.139391
CNY/USD,2025-08-29,0.140245,0.139419
CNY/USD,2025-09-30,0.140469,0.140382
CNY/USD,2025-10-31,0.140511,0.140450
CNY/USD,2025-11-28,0.141341,0.140709
CNY/USD,2025-12-31,0.142998,0.141983
CNY/USD,2026-01-30,0.143864,0.143488
CNY/USD,2026-02-27,0.145817,0.144797
CNY/USD,2026-03-31,0.144970,0.145095
CNY/USD,2026-04-10,0.146460,0.145821
HKD/USD,1981-01-30,0.189107,0.192970
HKD/USD,1981-02-27,0.187371,0.188639
HKD/USD,1981-03-31,0.189143,0.188648
HKD/USD,1981-04-30,0.186185,0.186660
HKD/USD,1981-05-29,0.182799,0.183583
HKD/USD,1981-06-30,0.180180,0.181338
HKD/USD,1981-07-31,0.172801,0.175346
HKD/USD,1981-08-31,0.168634,0.168401
HKD/USD,1981-09-30,0.162933,0.165971
HKD/USD,1981-10-30,0.170590,0.167055
HKD/USD,1981-11-30,0.178174,0.176437
HKD/USD,1981-12-31,0.175824,0.177541
HKD/USD,1982-01-29,0.172712,0.172556
HKD/USD,1982-02-26,0.169635,0.169906
HKD/USD,1982-03-31,0.171145,0.171536
HKD/USD,1982-04-30,0.171910,0.171616
HKD/USD,1982-05-28,0.173989,0.173770
HKD/USD,1982-06-30,0.169420,0.170465
HKD/USD,1982-07-30,0.168336,0.169424
HKD/USD,1982-08-31,0.165358,0.165040
HKD/USD,1982-09-30,0.159109,0.163273
HKD/USD,1982-10-29,0.145560,0.151543
HKD/USD,1982-11-30,0.149925,0.149881
HKD/USD,1982-12-31,0.154321,0.152873
HKD/USD,1983-01-31,0.152265,0.153254
HKD/USD,1983-02-28,0.151149,0.151377
HKD/USD,1983-03-31,0.148754,0.150302
HKD/USD,1983-04-29,0.144823,0.147359
HKD/USD,1983-05-31,0.139958,0.143556
HKD/USD,1983-06-30,0.139860,0.137374
HKD/USD,1983-07-29,0.138122,0.139516
HKD/USD,1983-08-31,0.132538,0.134387
HKD/USD,1983-09-30,0.122699,0.125076
HKD/USD,1983-10-31,0.128164,0.123733
HKD/USD,1983-11-30,0.128066,0.128007
HKD/USD,1983-12-30,0.128526,0.128132
HKD/USD,1984-01-31,0.128197,0.128257
HKD/USD,1984-02-29,0.128419,0.128398
HKD/USD,1984-03-30,0.127926,0.128300
HKD/USD,1984-04-30,0.127902,0.128085
HKD/USD,1984-05-31,0.127984,0.127945
HKD/USD,1984-06-29,0.127877,0.127991
HKD/USD,1984-07-31,0.127551,0.127361
HKD/USD,1984-08-31,0.127502,0.127571
HKD/USD,1984-09-28,0.128041,0.127503
HKD/USD,1984-10-31,0.127845,0.127809
HKD/USD,1984-11-30,0.127771,0.127820
HKD/USD,1984-12-31,0.127796,0.127735
HKD/USD,1985-01-31,0.128238,0.128028
HKD/USD,1985-02-28,0.128205,0.128177
HKD/USD,1985-03-29,0.128254,0.128190
HKD/USD,1985-04-30,0.128543,0.128367
HKD/USD,1985-05-31,0.128650,0.128590
HKD/USD,1985-06-28,0.128833,0.128703
HKD/USD,1985-07-31,0.129049,0.128988
HKD/USD,1985-08-30,0.128131,0.128361
HKD/USD,1985-09-30,0.128824,0.128135
HKD/USD,1985-10-31,0.128329,0.128357
HKD/USD,1985-11-29,0.128180,0.128136
HKD/USD,1985-12-31,0.128082,0.128100
HKD/USD,1986-01-31,0.128090,0.128073
HKD/USD,1986-02-28,0.128123,0.128136
HKD/USD,1986-03-31,0.127934,0.127999
HKD/USD,1986-04-30,0.128337,0.128275
HKD/USD,1986-05-30,0.128025,0.128073
HKD/USD,1986-06-30,0.128057,0.128029
HKD/USD,1986-07-31,0.128074,0.128004
HKD/USD,1986-08-29,0.128148,0.128201
HKD/USD,1986-09-30,0.128172,0.128162
HKD/USD,1986-10-31,0.128213,0.128207
HKD/USD,1986-11-28,0.128460,0.128249
HKD/USD,1986-12-31,0.128345,0.128318
HKD/USD,1987-01-30,0.128783,0.128703
HKD/USD,1987-02-27,0.128279,0.128285
HKD/USD,1987-03-31,0.128222,0.128177
HKD/USD,1987-04-30,0.128139,0.128166
HKD/USD,1987-05-29,0.128066,0.128125
HKD/USD,1987-06-30,0.128033,0.128074
HKD/USD,1987-07-31,0.128079,0.128057
HKD/USD,1987-08-31,0.128082,0.128055
HKD/USD,1987-09-30,0.128082,0.128148
HKD/USD,1987-10-30,0.128139,0.128079
HKD/USD,1987-11-30,0.128700,0.128258
HKD/USD,1987-12-31,0.128833,0.128658
HKD/USD,1988-01-29,0.128617,0.128416
HKD/USD,1988-02-29,0.128189,0.128241
HKD/USD,1988-03-31,0.128172,0.128160
HKD/USD,1988-04-29,0.127910,0.128011
HKD/USD,1988-05-31,0.127975,0.127948
HKD/USD,1988-06-30,0.128148,0.128085
HKD/USD,1988-07-29,0.128090,0.127984
HKD/USD,1988-08-31,0.128115,0.128123
HKD/USD,1988-09-30,0.128025,0.128030
HKD/USD,1988-10-31,0.128033,0.127987
HKD/USD,1988-11-30,0.128123,0.128050
HKD/USD,1988-12-30,0.128057,0.128103
HKD/USD,1989-01-31,0.128230,0.128128
HKD/USD,1989-02-28,0.128180,0.128190
HKD/USD,1989-03-31,0.128403,0.128256
HKD/USD,1989-04-28,0.128535,0.128488
HKD/USD,1989-05-31,0.128601,0.128535
HKD/USD,1989-06-30,0.128238,0.128314
HKD/USD,1989-07-31,0.128090,0.128139
HKD/USD,1989-08-31,0.128025,0.128077
HKD/USD,1989-09-29,0.128156,0.128077
HKD/USD,1989-10-31,0.128025,0.128072
HKD/USD,1989-11-30,0.127934,0.127976
HKD/USD,1989-12-29,0.128090,0.128039
HKD/USD,1990-01-31,0.128008,0.128014
HKD/USD,1990-02-28,0.128057,0.128035
HKD/USD,1990-03-30,0.128049,0.127994
HKD/USD,1990-04-30,0.128304,0.128261
HKD/USD,1990-05-31,0.128502,0.128407
HKD/USD,1990-06-29,0.128394,0.128444
HKD/USD,1990-07-31,0.128791,0.128693
HKD/USD,1990-08-31,0.128816,0.128688
HKD/USD,1990-09-28,0.128808,0.128787
HKD/USD,1990-10-31,0.128263,0.128664
HKD/USD,1990-11-30,0.128197,0.128285
HKD/USD,1990-12-31,0.128189,0.128150
HKD/USD,1991-01-31,0.128279,0.128287
HKD/USD,1991-02-28,0.128337,0.128298
HKD/USD,1991-03-29,0.128304,0.128351
HKD/USD,1991-04-30,0.128279,0.128305
HKD/USD,1991-05-31,0.129232,0.128538
HKD/USD,1991-06-28,0.128783,0.129298
HKD/USD,1991-07-31,0.128866,0.128849
HKD/USD,1991-08-30,0.128849,0.128789
HKD/USD,1991-09-30,0.129149,0.128992
HKD/USD,1991-10-31,0.128717,0.128963
HKD/USD,1991-11-29,0.128833,0.128882
HKD/USD,1991-12-31,0.128535,0.128638
HKD/USD,1992-01-31,0.128833,0.128846
HKD/USD,1992-02-28,0.128916,0.128895
HKD/USD,1992-03-31,0.129216,0.129094
HKD/USD,1992-04-30,0.128883,0.129193
HKD/USD,1992-05-29,0.129124,0.129163
HKD/USD,1992-06-30,0.129358,0.129294
HKD/USD,1992-07-31,0.129286,0.129298
HKD/USD,1992-08-31,0.129388,0.129335
HKD/USD,1992-09-30,0.129472,0.129370
HKD/USD,1992-10-30,0.129341,0.129370
HKD/USD,1992-11-30,0.129182,0.129286
HKD/USD,1992-12-31,0.129149,0.129172
HKD/USD,1993-01-29,0.129316,0.129240
HKD/USD,1993-02-26,0.129299,0.129307
HKD/USD,1993-03-31,0.129349,0.129313
HKD/USD,1993-04-30,0.129349,0.129356
HKD/USD,1993-05-28,0.129463,0.129383
HKD/USD,1993-06-30,0.129132,0.129263
HKD/USD,1993-07-30,0.128932,0.128939
HKD/USD,1993-08-31,0.129057,0.129007
HKD/USD,1993-09-30,0.129291,0.129226
HKD/USD,1993-10-29,0.129400,0.129354
HKD/USD,1993-11-30,0.129441,0.129413
HKD/USD,1993-12-31,0.129400,0.129459
HKD/USD,1994-01-31,0.129472,0.129448
HKD/USD,1994-02-28,0.129416,0.129278
HKD/USD,1994-03-31,0.129400,0.129419
HKD/USD,1994-04-29,0.129445,0.129418
HKD/USD,1994-05-31,0.129428,0.129430
HKD/USD,1994-06-30,0.129366,0.129352
HKD/USD,1994-07-29,0.129441,0.129424
HKD/USD,1994-08-31,0.129400,0.129413
HKD/USD,1994-09-30,0.129411,0.129408
HKD/USD,1994-10-31,0.129408,0.129406
HKD/USD,1994-11-30,0.129293,0.129357
HKD/USD,1994-12-30,0.129241,0.129235
HKD/USD,1995-01-31,0.129274,0.129135
HKD/USD,1995-02-28,0.129339,0.129342
HKD/USD,1995-03-31,0.129331,0.129335
HKD/USD,1995-04-28,0.129182,0.129306
HKD/USD,1995-05-31,0.129269,0.129281
HKD/USD,1995-06-30,0.129232,0.129273
HKD/USD,1995-07-31,0.129229,0.129225
HKD/USD,1995-08-31,0.129176,0.129172
HKD/USD,1995-09-29,0.129333,0.129253
HKD/USD,1995-10-31,0.129334,0.129337
HKD/USD,1995-11-30,0.129282,0.129302
HKD/USD,1995-12-29,0.129328,0.129290
HKD/USD,1996-01-31,0.129324,0.129318
HKD/USD,1996-02-29,0.129341,0.129327
HKD/USD,1996-03-29,0.129286,0.129325
HKD/USD,1996-04-30,0.129266,0.129291
HKD/USD,1996-05-31,0.129249,0.129261
HKD/USD,1996-06-28,0.129182,0.129193
HKD/USD,1996-07-31,0.129299,0.129235
HKD/USD,1996-08-30,0.129316,0.129290
HKD/USD,1996-09-30,0.129313,0.129320
HKD/USD,1996-10-31,0.129328,0.129329
HKD/USD,1996-11-29,0.129324,0.129327
HKD/USD,1996-12-31,0.129287,0.129273
HKD/USD,1997-01-31,0.129049,0.129204
HKD/USD,1997-02-28,0.129137,0.129075
HKD/USD,1997-03-31,0.129057,0.129099
HKD/USD,1997-04-30,0.129087,0.129061
HKD/USD,1997-05-30,0.129049,0.129148
HKD/USD,1997-06-30,0.129074,0.129124
HKD/USD,1997-07-31,0.129149,0.129109
HKD/USD,1997-08-29,0.129032,0.129139
HKD/USD,1997-09-30,0.129224,0.129133
HKD/USD,1997-10-31,0.129333,0.129244
HKD/USD,1997-11-28,0.129359,0.129343
HKD/USD,1997-12-31,0.129041,0.129106
HKD/USD,1998-01-30,0.129241,0.129157
HKD/USD,1998-02-27,0.129149,0.129179
HKD/USD,1998-03-31,0.129041,0.129103
HKD/USD,1998-04-30,0.129091,0.129037
HKD/USD,1998-05-29,0.129041,0.129049
HKD/USD,1998-06-30,0.129061,0.129080
HKD/USD,1998-07-31,0.129049,0.129061
HKD/USD,1998-08-31,0.129037,0.129043
HKD/USD,1998-09-30,0.129046,0.129065
HKD/USD,1998-10-30,0.129107,0.129060
HKD/USD,1998-11-30,0.129149,0.129146
HKD/USD,1998-12-31,0.129072,0.129081
HKD/USD,1999-01-29,0.129057,0.129056
HKD/USD,1999-02-26,0.129066,0.129049
HKD/USD,1999-03-31,0.129032,0.129043
HKD/USD,1999-04-30,0.129019,0.129041
HKD/USD,1999-05-28,0.128908,0.128980
HKD/USD,1999-06-30,0.128889,0.128908
HKD/USD,1999-07-30,0.128834,0.128860
HKD/USD,1999-08-31,0.128766,0.128802
HKD/USD,1999-09-30,0.128735,0.128759
HKD/USD,1999-10-29,0.128717,0.128707
HKD/USD,1999-11-30,0.128758,0.128670
HKD/USD,1999-12-31,0.128634,0.128653
HKD/USD,2000-01-31,0.128518,0.128550
HKD/USD,2000-02-29,0.128480,0.128508
HKD/USD,2000-03-31,0.128424,0.128456
HKD/USD,2000-04-28,0.128386,0.128403
HKD/USD,2000-05-31,0.128325,0.128358
HKD/USD,2000-06-30,0.128271,0.128313
HKD/USD,2000-07-31,0.128225,0.128257
HKD/USD,2000-08-31,0.128218,0.128214
HKD/USD,2000-09-29,0.128253,0.128230
HKD/USD,2000-10-31,0.128213,0.128244
HKD/USD,2000-11-30,0.128205,0.128220
HKD/USD,2000-12-29,0.128207,0.128220
HKD/USD,2001-01-31,0.128213,0.128209
HKD/USD,2001-02-28,0.128205,0.128208
HKD/USD,2001-03-30,0.128200,0.128207
HKD/USD,2001-04-30,0.128222,0.128216
HKD/USD,2001-05-31,0.128208,0.128208
HKD/USD,2001-06-29,0.128205,0.128210
HKD/USD,2001-07-31,0.128210,0.128207
HKD/USD,2001-08-31,0.128208,0.128211
HKD/USD,2001-09-28,0.128212,0.128211
HKD/USD,2001-10-31,0.128202,0.128208
HKD/USD,2001-11-30,0.128225,0.128211
HKD/USD,2001-12-31,0.128238,0.128224
HKD/USD,2002-01-31,0.128213,0.128223
HKD/USD,2002-02-28,0.128213,0.128212
HKD/USD,2002-03-29,0.128205,0.128210
HKD/USD,2002-04-30,0.128218,0.128204
HKD/USD,2002-05-31,0.128205,0.128214
HKD/USD,2002-06-28,0.128205,0.128206
HKD/USD,2002-07-31,0.128205,0.128205
HKD/USD,2002-08-30,0.128205,0.128205
HKD/USD,2002-09-30,0.128208,0.128207
HKD/USD,2002-10-31,0.128213,0.128213
HKD/USD,2002-11-29,0.128225,0.128216
HKD/USD,2002-12-31,0.128225,0.128225
HKD/USD,2003-01-31,0.128203,0.128214
HKD/USD,2003-02-28,0.128220,0.128213
HKD/USD,2003-03-31,0.128213,0.128220
HKD/USD,2003-04-30,0.128220,0.128212
HKD/USD,2003-05-30,0.128226,0.128220
HKD/USD,2003-06-30,0.128231,0.128225
HKD/USD,2003-07-31,0.128222,0.128218
HKD/USD,2003-08-29,0.128213,0.128216
HKD/USD,2003-09-30,0.129124,0.128454
HKD/USD,2003-10-31,0.128727,0.129155
HKD/USD,2003-11-28,0.128766,0.128805
HKD/USD,2003-12-31,0.128800,0.128791
HKD/USD,2004-01-30,0.128576,0.128762
HKD/USD,2004-02-27,0.128460,0.128621
HKD/USD,2004-03-31,0.128320,0.128320
HKD/USD,2004-04-30,0.128208,0.128255
HKD/USD,2004-05-28,0.128302,0.128253
HKD/USD,2004-06-30,0.128205,0.128239
HKD/USD,2004-07-30,0.128207,0.128206
HKD/USD,2004-08-31,0.128205,0.128211
HKD/USD,2004-09-30,0.128231,0.128213
HKD/USD,2004-10-29,0.128479,0.128388
HKD/USD,2004-11-30,0.128601,0.128609
HKD/USD,2004-12-31,0.128662,0.128601
HKD/USD,2005-01-31,0.128217,0.128291
HKD/USD,2005-02-28,0.128218,0.128216
HKD/USD,2005-03-31,0.128222,0.128215
HKD/USD,2005-04-29,0.128294,0.128231
HKD/USD,2005-05-31,0.128555,0.128347
HKD/USD,2005-06-30,0.128669,0.128609
HKD/USD,2005-07-29,0.128627,0.128616
HKD/USD,2005-08-31,0.128670,0.128686
HKD/USD,2005-09-30,0.128921,0.128836
HKD/USD,2005-10-31,0.129001,0.128933
HKD/USD,2005-11-30,0.128956,0.128970
HKD/USD,2005-12-30,0.128977,0.128981
HKD/USD,2006-01-31,0.128931,0.128970
HKD/USD,2006-02-28,0.128893,0.128878
HKD/USD,2006-03-31,0.128871,0.128881
HKD/USD,2006-04-28,0.128984,0.128930
HKD/USD,2006-05-31,0.128921,0.128969
HKD/USD,2006-06-30,0.128756,0.128806
HKD/USD,2006-07-31,0.128695,0.128644
HKD/USD,2006-08-31,0.128589,0.128597
HKD/USD,2006-09-29,0.128348,0.128493
HKD/USD,2006-10-31,0.128568,0.128454
HKD/USD,2006-11-30,0.128569,0.128509
HKD/USD,2006-12-29,0.128583,0.128646
HKD/USD,2007-01-31,0.128077,0.128206
HKD/USD,2007-02-28,0.128010,0.128019
HKD/USD,2007-03-30,0.127980,0.127989
HKD/USD,2007-04-30,0.127858,0.127953
HKD/USD,2007-05-31,0.128062,0.127898
HKD/USD,2007-06-29,0.127903,0.127972
HKD/USD,2007-07-31,0.127773,0.127883
HKD/USD,2007-08-31,0.128258,0.127952
HKD/USD,2007-09-28,0.128718,0.128495
HKD/USD,2007-10-31,0.129029,0.128958
HKD/USD,2007-11-30,0.128413,0.128577
HKD/USD,2007-12-31,0.128231,0.128233
HKD/USD,2008-01-31,0.128269,0.128133
HKD/USD,2008-02-29,0.128523,0.128265
HKD/USD,2008-03-31,0.128503,0.128514
HKD/USD,2008-04-30,0.128287,0.128353
HKD/USD,2008-05-30,0.128138,0.128225
HKD/USD,2008-06-30,0.128254,0.128085
HKD/USD,2008-07-31,0.128177,0.128204
HKD/USD,2008-08-29,0.128146,0.128081
HKD/USD,2008-09-30,0.128768,0.128446
HKD/USD,2008-10-31,0.129027,0.128886
HKD/USD,2008-11-28,0.129031,0.129020
HKD/USD,2008-12-31,0.129034,0.129025
HKD/USD,2009-01-30,0.128959,0.128927
HKD/USD,2009-02-27,0.128947,0.128976
HKD/USD,2009-03-31,0.129032,0.128982
HKD/USD,2009-04-30,0.129032,0.129030
HKD/USD,2009-05-29,0.129001,0.129016
HKD/USD,2009-06-30,0.129032,0.129025
HKD/USD,2009-07-31,0.129032,0.129032
HKD/USD,2009-08-31,0.129024,0.129022
HKD/USD,2009-09-30,0.129032,0.129027
HKD/USD,2009-10-30,0.129037,0.129037
HKD/USD,2009-11-30,0.129032,0.129037
HKD/USD,2009-12-31,0.128972,0.128989
HKD/USD,2010-01-29,0.128758,0.128827
HKD/USD,2010-02-26,0.128834,0.128750
HKD/USD,2010-03-31,0.128788,0.128846
HKD/USD,2010-04-30,0.128805,0.128821
HKD/USD,2010-05-28,0.128452,0.128442
HKD/USD,2010-06-30,0.128427,0.128403
HKD/USD,2010-07-30,0.128747,0.128612
HKD/USD,2010-08-31,0.128566,0.128696
HKD/USD,2010-09-30,0.128868,0.128795
HKD/USD,2010-10-29,0.129007,0.128900
HKD/USD,2010-11-30,0.128785,0.128956
HKD/USD,2010-12-30,0.128518,0.128640
HKD/USD,2011-01-31,0.128327,0.128530
HKD/USD,2011-02-28,0.128398,0.128378
HKD/USD,2011-03-31,0.128617,0.128349
HKD/USD,2011-04-29,0.128745,0.128673
HKD/USD,2011-05-31,0.128573,0.128631
HKD/USD,2011-06-30,0.128512,0.128451
HKD/USD,2011-07-29,0.128301,0.128383
HKD/USD,2011-08-31,0.128409,0.128263
HKD/USD,2011-09-30,0.128469,0.128299
HKD/USD,2011-10-31,0.128798,0.128578
HKD/USD,2011-11-30,0.128650,0.128521
HKD/USD,2011-12-30,0.128761,0.128589
HKD/USD,2012-01-31,0.128941,0.128829
HKD/USD,2012-02-29,0.128947,0.128959
HKD/USD,2012-03-30,0.128773,0.128832
HKD/USD,2012-04-30,0.128888,0.128831
HKD/USD,2012-05-31,0.128839,0.128799
HKD/USD,2012-06-29,0.128912,0.128882
HKD/USD,2012-07-31,0.128969,0.128931
HKD/USD,2012-08-31,0.128932,0.128929
HKD/USD,2012-09-28,0.128966,0.128965
HKD/USD,2012-10-31,0.129042,0.129008
HKD/USD,2012-11-30,0.129031,0.129024
HKD/USD,2012-12-31,0.129021,0.129030
HKD/USD,2013-01-31,0.128932,0.128983
HKD/USD,2013-02-28,0.128956,0.128946
HKD/USD,2013-03-29,0.128818,0.128880
HKD/USD,2013-04-30,0.128856,0.128815
HKD/USD,2013-05-31,0.128824,0.128842
HKD/USD,2013-06-28,0.128932,0.128864
HKD/USD,2013-07-31,0.128936,0.128921
HKD/USD,2013-08-30,0.128959,0.128944
HKD/USD,2013-09-30,0.128947,0.128961
HKD/USD,2013-10-31,0.128982,0.128972
HKD/USD,2013-11-29,0.128989,0.128994
HKD/USD,2013-12-31,0.128967,0.128974
HKD/USD,2014-01-31,0.128796,0.128903
HKD/USD,2014-02-28,0.128853,0.128891
HKD/USD,2014-03-31,0.128921,0.128845
HKD/USD,2014-04-30,0.128987,0.128966
HKD/USD,2014-05-30,0.128994,0.128994
HKD/USD,2014-06-30,0.129029,0.129006
HKD/USD,2014-07-31,0.129037,0.129029
HKD/USD,2014-08-29,0.129031,0.129026
HKD/USD,2014-09-30,0.128786,0.128990
HKD/USD,2014-10-31,0.128947,0.128912
HKD/USD,2014-11-28,0.128952,0.128961
HKD/USD,2014-12-31,0.128981,0.128965
HKD/USD,2015-01-30,0.128984,0.128981
HKD/USD,2015-02-27,0.128934,0.128948
HKD/USD,2015-03-31,0.128966,0.128892
HKD/USD,2015-04-30,0.129011,0.129018
HKD/USD,2015-05-29,0.128974,0.128987
HKD/USD,2015-06-30,0.129011,0.128986
HKD/USD,2015-07-31,0.129009,0.129009
HKD/USD,2015-08-31,0.129032,0.128982
HKD/USD,2015-09-30,0.129034,0.129031
HKD/USD,2015-10-30,0.129039,0.129034
HKD/USD,2015-11-30,0.128989,0.129023
HKD/USD,2015-12-31,0.129021,0.129020
HKD/USD,2016-01-29,0.128409,0.128516
HKD/USD,2016-02-29,0.128596,0.128486
HKD/USD,2016-03-31,0.128927,0.128860
HKD/USD,2016-04-29,0.128916,0.128939
HKD/USD,2016-05-31,0.128718,0.128808
HKD/USD,2016-06-30,0.128881,0.128833
HKD/USD,2016-07-29,0.128886,0.128920
HKD/USD,2016-08-31,0.128919,0.128933
HKD/USD,2016-09-30,0.128941,0.128926
HKD/USD,2016-10-31,0.128951,0.128915
HKD/USD,2016-11-30,0.128922,0.128932
HKD/USD,2016-12-30,0.128976,0.128889
HKD/USD,2017-01-31,0.128901,0.128933
HKD/USD,2017-02-28,0.128821,0.128872
HKD/USD,2017-03-31,0.128677,0.128770
HKD/USD,2017-04-28,0.128569,0.128639
HKD/USD,2017-05-31,0.128322,0.128429
HKD/USD,2017-06-30,0.128115,0.128232
HKD/USD,2017-07-31,0.128041,0.128055
HKD/USD,2017-08-31,0.127768,0.127850
HKD/USD,2017-09-29,0.128025,0.127996
HKD/USD,2017-10-31,0.128180,0.128118
HKD/USD,2017-11-30,0.128052,0.128120
HKD/USD,2017-12-29,0.127995,0.127995
HKD/USD,2018-01-31,0.127861,0.127893
HKD/USD,2018-02-28,0.127776,0.127842
HKD/USD,2018-03-30,0.127415,0.127531
HKD/USD,2018-04-30,0.127423,0.127417
HKD/USD,2018-05-31,0.127488,0.127409
HKD/USD,2018-06-29,0.127449,0.127435
HKD/USD,2018-07-31,0.127415,0.127425
HKD/USD,2018-08-31,0.127411,0.127401
HKD/USD,2018-09-28,0.127781,0.127611
HKD/USD,2018-10-31,0.127562,0.127592
HKD/USD,2018-11-30,0.127805,0.127737
HKD/USD,2018-12-31,0.127706,0.127888
HKD/USD,2019-01-31,0.127449,0.127533
HKD/USD,2019-02-28,0.127395,0.127426
HKD/USD,2019-03-29,0.127392,0.127402
HKD/USD,2019-04-30,0.127468,0.127478
HKD/USD,2019-05-31,0.127572,0.127425
HKD/USD,2019-06-28,0.128036,0.127779
HKD/USD,2019-07-31,0.127755,0.127987
HKD/USD,2019-08-30,0.127546,0.127519
HKD/USD,2019-09-30,0.127549,0.127632
HKD/USD,2019-10-31,0.127590,0.127517
HKD/USD,2019-11-29,0.127768,0.127748
HKD/USD,2019-12-31,0.128380,0.128131
HKD/USD,2020-01-31,0.128758,0.128659
HKD/USD,2020-02-28,0.128325,0.128606
HKD/USD,2020-03-31,0.129011,0.128781
HKD/USD,2020-04-30,0.129009,0.129013
HKD/USD,2020-05-29,0.129011,0.129001
HKD/USD,2020-06-30,0.129031,0.129030
HKD/USD,2020-07-31,0.129032,0.129017
HKD/USD,2020-08-31,0.129031,0.129030
HKD/USD,2020-09-30,0.129032,0.129032
HKD/USD,2020-10-30,0.128952,0.129026
HKD/USD,2020-11-30,0.128996,0.128989
HKD/USD,2020-12-31,0.128976,0.129001
HKD/USD,2021-01-29,0.128981,0.128978
HKD/USD,2021-02-26,0.128921,0.128984
HKD/USD,2021-03-31,0.128624,0.128781
HKD/USD,2021-04-30,0.128760,0.128716
HKD/USD,2021-05-28,0.128849,0.128776
HKD/USD,2021-06-30,0.128770,0.128837
HKD/USD,2021-07-30,0.128662,0.128692
HKD/USD,2021-08-31,0.128569,0.128479
HKD/USD,2021-09-30,0.128452,0.128523
HKD/USD,2021-10-29,0.128551,0.128547
HKD/USD,2021-11-30,0.128259,0.128376
HKD/USD,2021-12-30,0.128212,0.128221
HKD/USD,2022-01-31,0.128253,0.128342
HKD/USD,2022-02-28,0.127980,0.128219
HKD/USD,2022-03-31,0.127673,0.127832
HKD/USD,2022-04-29,0.127445,0.127528
HKD/USD,2022-05-31,0.127440,0.127404
HKD/USD,2022-06-30,0.127434,0.127420
HKD/USD,2022-07-29,0.127392,0.127405
HKD/USD,2022-08-31,0.127402,0.127446
HKD/USD,2022-09-30,0.127392,0.127399
HKD/USD,2022-10-31,0.127392,0.127393
HKD/USD,2022-11-30,0.128123,0.127702
HKD/USD,2022-12-30,0.128180,0.128445
HKD/USD,2023-01-31,0.127577,0.127871
HKD/USD,2023-02-28,0.127405,0.127435
HKD/USD,2023-03-31,0.127390,0.127410
HKD/USD,2023-04-28,0.127392,0.127395
HKD/USD,2023-05-31,0.127707,0.127595
HKD/USD,2023-06-30,0.127611,0.127664
HKD/USD,2023-07-31,0.128226,0.127949
HKD/USD,2023-08-31,0.127510,0.127774
HKD/USD,2023-09-29,0.127701,0.127738
HKD/USD,2023-10-31,0.127802,0.127801
HKD/USD,2023-11-30,0.128049,0.128090
HKD/USD,2023-12-29,0.128026,0.128044
HKD/USD,2024-01-31,0.127918,0.127936
HKD/USD,2024-02-29,0.127737,0.127848
HKD/USD,2024-03-29,0.127781,0.127829
HKD/USD,2024-04-30,0.127861,0.127705
HKD/USD,2024-05-31,0.127879,0.128010
HKD/USD,2024-06-28,0.128069,0.128040
HKD/USD,2024-07-31,0.128013,0.128050
HKD/USD,2024-08-30,0.128248,0.128267
HKD/USD,2024-09-30,0.128712,0.128353
HKD/USD,2024-10-31,0.128634,0.128688
HKD/USD,2024-11-29,0.128526,0.128539
HKD/USD,2024-12-31,0.128738,0.128644
HKD/USD,2025-01-31,0.128342,0.128449
HKD/USD,2025-02-28,0.128576,0.128503
HKD/USD,2025-03-31,0.128536,0.128653
HKD/USD,2025-04-30,0.128952,0.128815
HKD/USD,2025-05-30,0.127536,0.128182
HKD/USD,2025-06-30,0.127390,0.127412
HKD/USD,2025-07-31,0.127390,0.127395
HKD/USD,2025-08-29,0.128289,0.127780
HKD/USD,2025-09-30,0.128520,0.128458
HKD/USD,2025-10-31,0.128672,0.128626
HKD/USD,2025-11-28,0.128455,0.128577
HKD/USD,2025-12-31,0.128480,0.128521
HKD/USD,2026-01-30,0.128048,0.128263
HKD/USD,2026-02-27,0.127843,0.127938
HKD/USD,2026-03-31,0.127551,0.127766
HKD/USD,2026-04-10,0.127685,0.127630
USD/USD,1981-01-31,1.000000,1.000000
USD/USD,1981-02-28,1.000000,1.000000
USD/USD,1981-03-31,1.000000,1.000000
USD/USD,1981-04-30,1.000000,1.000000
USD/USD,1981-05-31,1.000000,1.000000
USD/USD,1981-06-30,1.000000,1.000000
USD/USD,1981-07-31,1.000000,1.000000
USD/USD,1981-08-31,1.000000,1.000000
USD/USD,1981-09-30,1.000000,1.000000
USD/USD,1981-10-31,1.000000,1.000000
USD/USD,1981-11-30,1.000000,1.000000
USD/USD,1981-12-31,1.000000,1.000000
USD/USD,1982-01-31,1.000000,1.000000
USD/USD,1982-02-28,1.000000,1.000000
USD/USD,1982-03-31,1.000000,1.000000
USD/USD,1982-04-30,1.000000,1.000000
USD/USD,1982-05-31,1.000000,1.000000
USD/USD,1982-06-30,1.000000,1.000000
USD/USD,1982-07-31,1.000000,1.000000
USD/USD,1982-08-31,1.000000,1.000000
USD/USD,1982-09-30,1.000000,1.000000
USD/USD,1982-10-31,1.000000,1.000000
USD/USD,1982-11-30,1.000000,1.000000
USD/USD,1982-12-31,1.000000,1.000000
USD/USD,1983-01-31,1.000000,1.000000
USD/USD,1983-02-28,1.000000,1.000000
USD/USD,1983-03-31,1.000000,1.000000
USD/USD,1983-04-30,1.000000,1.000000
USD/USD,1983-05-31,1.000000,1.000000
USD/USD,1983-06-30,1.000000,1.000000
USD/USD,1983-07-31,1.000000,1.000000
USD/USD,1983-08-31,1.000000,1.000000
USD/USD,1983-09-30,1.000000,1.000000
USD/USD,1983-10-31,1.000000,1.000000
USD/USD,1983-11-30,1.000000,1.000000
USD/USD,1983-12-31,1.000000,1.000000
USD/USD,1984-01-31,1.000000,1.000000
USD/USD,1984-02-29,1.000000,1.000000
USD/USD,1984-03-31,1.000000,1.000000
USD/USD,1984-04-30,1.000000,1.000000
USD/USD,1984-05-31,1.000000,1.000000
USD/USD,1984-06-30,1.000000,1.000000
USD/USD,1984-07-31,1.000000,1.000000
USD/USD,1984-08-31,1.000000,1.000000
USD/USD,1984-09-30,1.000000,1.000000
USD/USD,1984-10-31,1.000000,1.000000
USD/USD,1984-11-30,1.000000,1.000000
USD/USD,1984-12-31,1.000000,1.000000
USD/USD,1985-01-31,1.000000,1.000000
USD/USD,1985-02-28,1.000000,1.000000
USD/USD,1985-03-31,1.000000,1.000000
USD/USD,1985-04-30,1.000000,1.000000
USD/USD,1985-05-31,1.000000,1.000000
USD/USD,1985-06-30,1.000000,1.000000
USD/USD,1985-07-31,1.000000,1.000000
USD/USD,1985-08-31,1.000000,1.000000
USD/USD,1985-09-30,1.000000,1.000000
USD/USD,1985-10-31,1.000000,1.000000
USD/USD,1985-11-30,1.000000,1.000000
USD/USD,1985-12-31,1.000000,1.000000
USD/USD,1986-01-31,1.000000,1.000000
USD/USD,1986-02-28,1.000000,1.000000
USD/USD,1986-03-31,1.000000,1.000000
USD/USD,1986-04-30,1.000000,1.000000
USD/USD,1986-05-31,1.000000,1.000000
USD/USD,1986-06-30,1.000000,1.000000
USD/USD,1986-07-31,1.000000,1.000000
USD/USD,1986-08-31,1.000000,1.000000
USD/USD,1986-09-30,1.000000,1.000000
USD/USD,1986-10-31,1.000000,1.000000
USD/USD,1986-11-30,1.000000,1.000000
USD/USD,1986-12-31,1.000000,1.000000
USD/USD,1987-01-31,1.000000,1.000000
USD/USD,1987-02-28,1.000000,1.000000
USD/USD,1987-03-31,1.000000,1.000000
USD/USD,1987-04-30,1.000000,1.000000
USD/USD,1987-05-31,1.000000,1.000000
USD/USD,1987-06-30,1.000000,1.000000
USD/USD,1987-07-31,1.000000,1.000000
USD/USD,1987-08-31,1.000000,1.000000
USD/USD,1987-09-30,1.000000,1.000000
USD/USD,1987-10-31,1.000000,1.000000
USD/USD,1987-11-30,1.000000,1.000000
USD/USD,1987-12-31,1.000000,1.000000
USD/USD,1988-01-31,1.000000,1.000000
USD/USD,1988-02-29,1.000000,1.000000
USD/USD,1988-03-31,1.000000,1.000000
USD/USD,1988-04-30,1.000000,1.000000
USD/USD,1988-05-31,1.000000,1.000000
USD/USD,1988-06-30,1.000000,1.000000
USD/USD,1988-07-31,1.000000,1.000000
USD/USD,1988-08-31,1.000000,1.000000
USD/USD,1988-09-30,1.000000,1.000000
USD/USD,1988-10-31,1.000000,1.000000
USD/USD,1988-11-30,1.000000,1.000000
USD/USD,1988-12-31,1.000000,1.000000
USD/USD,1989-01-31,1.000000,1.000000
USD/USD,1989-02-28,1.000000,1.000000
USD/USD,1989-03-31,1.000000,1.000000
USD/USD,1989-04-30,1.000000,1.000000
USD/USD,1989-05-31,1.000000,1.000000
USD/USD,1989-06-30,1.000000,1.000000
USD/USD,1989-07-31,1.000000,1.000000
USD/USD,1989-08-31,1.000000,1.000000
USD/USD,1989-09-30,1.000000,1.000000
USD/USD,1989-10-31,1.000000,1.000000
USD/USD,1989-11-30,1.000000,1.000000
USD/USD,1989-12-31,1.000000,1.000000
USD/USD,1990-01-31,1.000000,1.000000
USD/USD,1990-02-28,1.000000,1.000000
USD/USD,1990-03-31,1.000000,1.000000
USD/USD,1990-04-30,1.000000,1.000000
USD/USD,1990-05-31,1.000000,1.000000
USD/USD,1990-06-30,1.000000,1.000000
USD/USD,1990-07-31,1.000000,1.000000
USD/USD,1990-08-31,1.000000,1.000000
USD/USD,1990-09-30,1.000000,1.000000
USD/USD,1990-10-31,1.000000,1.000000
USD/USD,1990-11-30,1.000000,1.000000
USD/USD,1990-12-31,1.000000,1.000000
USD/USD,1991-01-31,1.000000,1.000000
USD/USD,1991-02-28,1.000000,1.000000
USD/USD,1991-03-31,1.000000,1.000000
USD/USD,1991-04-30,1.000000,1.000000
USD/USD,1991-05-31,1.000000,1.000000
USD/USD,1991-06-30,1.000000,1.000000
USD/USD,1991-07-31,1.000000,1.000000
USD/USD,1991-08-31,1.000000,1.000000
USD/USD,1991-09-30,1.000000,1.000000
USD/USD,1991-10-31,1.000000,1.000000
USD/USD,1991-11-30,1.000000,1.000000
USD/USD,1991-12-31,1.000000,1.000000
USD/USD,1992-01-31,1.000000,1.000000
USD/USD,1992-02-29,1.000000,1.000000
USD/USD,1992-03-31,1.000000,1.000000
USD/USD,1992-04-30,1.000000,1.000000
USD/USD,1992-05-31,1.000000,1.000000
USD/USD,1992-06-30,1.000000,1.000000
USD/USD,1992-07-31,1.000000,1.000000
USD/USD,1992-08-31,1.000000,1.000000
USD/USD,1992-09-30,1.000000,1.000000
USD/USD,1992-10-31,1.000000,1.000000
USD/USD,1992-11-30,1.000000,1.000000
USD/USD,1992-12-31,1.000000,1.000000
USD/USD,1993-01-31,1.000000,1.000000
USD/USD,1993-02-28,1.000000,1.000000
USD/USD,1993-03-31,1.000000,1.000000
USD/USD,1993-04-30,1.000000,1.000000
USD/USD,1993-05-31,1.000000,1.000000
USD/USD,1993-06-30,1.000000,1.000000
USD/USD,1993-07-31,1.000000,1.000000
USD/USD,1993-08-31,1.000000,1.000000
USD/USD,1993-09-30,1.000000,1.000000
USD/USD,1993-10-31,1.000000,1.000000
USD/USD,1993-11-30,1.000000,1.000000
USD/USD,1993-12-31,1.000000,1.000000
USD/USD,1994-01-31,1.000000,1.000000
USD/USD,1994-02-28,1.000000,1.000000
USD/USD,1994-03-31,1.000000,1.000000
USD/USD,1994-04-30,1.000000,1.000000
USD/USD,1994-05-31,1.000000,1.000000
USD/USD,1994-06-30,1.000000,1.000000
USD/USD,1994-07-31,1.000000,1.000000
USD/USD,1994-08-31,1.000000,1.000000
USD/USD,1994-09-30,1.000000,1.000000
USD/USD,1994-10-31,1.000000,1.000000
USD/USD,1994-11-30,1.000000,1.000000
USD/USD,1994-12-31,1.000000,1.000000
USD/USD,1995-01-31,1.000000,1.000000
USD/USD,1995-02-28,1.000000,1.000000
USD/USD,1995-03-31,1.000000,1.000000
USD/USD,1995-04-30,1.000000,1.000000
USD/USD,1995-05-31,1.000000,1.000000
USD/USD,1995-06-30,1.000000,1.000000
USD/USD,1995-07-31,1.000000,1.000000
USD/USD,1995-08-31,1.000000,1.000000
USD/USD,1995-09-30,1.000000,1.000000
USD/USD,1995-10-31,1.000000,1.000000
USD/USD,1995-11-30,1.000000,1.000000
USD/USD,1995-12-31,1.000000,1.000000
USD/USD,1996-01-31,1.000000,1.000000
USD/USD,1996-02-29,1.000000,1.000000
USD/USD,1996-03-31,1.000000,1.000000
USD/USD,1996-04-30,1.000000,1.000000
USD/USD,1996-05-31,1.000000,1.000000
USD/USD,1996-06-30,1.000000,1.000000
USD/USD,1996-07-31,1.000000,1.000000
USD/USD,1996-08-31,1.000000,1.000000
USD/USD,1996-09-30,1.000000,1.000000
USD/USD,1996-10-31,1.000000,1.000000
USD/USD,1996-11-30,1.000000,1.000000
USD/USD,1996-12-31,1.000000,1.000000
USD/USD,1997-01-31,1.000000,1.000000
USD/USD,1997-02-28,1.000000,1.000000
USD/USD,1997-03-31,1.000000,1.000000
USD/USD,1997-04-30,1.000000,1.000000
USD/USD,1997-05-31,1.000000,1.000000
USD/USD,1997-06-30,1.000000,1.000000
USD/USD,1997-07-31,1.000000,1.000000
USD/USD,1997-08-31,1.000000,1.000000
USD/USD,1997-09-30,1.000000,1.000000
USD/USD,1997-10-31,1.000000,1.000000
USD/USD,1997-11-30,1.000000,1.000000
USD/USD,1997-12-31,1.000000,1.000000
USD/USD,1998-01-31,1.000000,1.000000
USD/USD,1998-02-28,1.000000,1.000000
USD/USD,1998-03-31,1.000000,1.000000
USD/USD,1998-04-30,1.000000,1.000000
USD/USD,1998-05-31,1.000000,1.000000
USD/USD,1998-06-30,1.000000,1.000000
USD/USD,1998-07-31,1.000000,1.000000
USD/USD,1998-08-31,1.000000,1.000000
USD/USD,1998-09-30,1.000000,1.000000
USD/USD,1998-10-31,1.000000,1.000000
USD/USD,1998-11-30,1.000000,1.000000
USD/USD,1998-12-31,1.000000,1.000000
USD/USD,1999-01-31,1.000000,1.000000
USD/USD,1999-02-28,1.000000,1.000000
USD/USD,1999-03-31,1.000000,1.000000
USD/USD,1999-04-30,1.000000,1.000000
USD/USD,1999-05-31,1.000000,1.000000
USD/USD,1999-06-30,1.000000,1.000000
USD/USD,1999-07-31,1.000000,1.000000
USD/USD,1999-08-31,1.000000,1.000000
USD/USD,1999-09-30,1.000000,1.000000
USD/USD,1999-10-31,1.000000,1.000000
USD/USD,1999-11-30,1.000000,1.000000
USD/USD,1999-12-31,1.000000,1.000000
USD/USD,2000-01-31,1.000000,1.000000
USD/USD,2000-02-29,1.000000,1.000000
USD/USD,2000-03-31,1.000000,1.000000
USD/USD,2000-04-30,1.000000,1.000000
USD/USD,2000-05-31,1.000000,1.000000
USD/USD,2000-06-30,1.000000,1.000000
USD/USD,2000-07-31,1.000000,1.000000
USD/USD,2000-08-31,1.000000,1.000000
USD/USD,2000-09-30,1.000000,1.000000
USD/USD,2000-10-31,1.000000,1.000000
USD/USD,2000-11-30,1.000000,1.000000
USD/USD,2000-12-31,1.000000,1.000000
USD/USD,2001-01-31,1.000000,1.000000
USD/USD,2001-02-28,1.000000,1.000000
USD/USD,2001-03-31,1.000000,1.000000
USD/USD,2001-04-30,1.000000,1.000000
USD/USD,2001-05-31,1.000000,1.000000
USD/USD,2001-06-30,1.000000,1.000000
USD/USD,2001-07-31,1.000000,1.000000
USD/USD,2001-08-31,1.000000,1.000000
USD/USD,2001-09-30,1.000000,1.000000
USD/USD,2001-10-31,1.000000,1.000000
USD/USD,2001-11-30,1.000000,1.000000
USD/USD,2001-12-31,1.000000,1.000000
USD/USD,2002-01-31,1.000000,1.000000
USD/USD,2002-02-28,1.000000,1.000000
USD/USD,2002-03-31,1.000000,1.000000
USD/USD,2002-04-30,1.000000,1.000000
USD/USD,2002-05-31,1.000000,1.000000
USD/USD,2002-06-30,1.000000,1.000000
USD/USD,2002-07-31,1.000000,1.000000
USD/USD,2002-08-31,1.000000,1.000000
USD/USD,2002-09-30,1.000000,1.000000
USD/USD,2002-10-31,1.000000,1.000000
USD/USD,2002-11-30,1.000000,1.000000
USD/USD,2002-12-31,1.000000,1.000000
USD/USD,2003-01-31,1.000000,1.000000
USD/USD,2003-02-28,1.000000,1.000000
USD/USD,2003-03-31,1.000000,1.000000
USD/USD,2003-04-30,1.000000,1.000000
USD/USD,2003-05-31,1.000000,1.000000
USD/USD,2003-06-30,1.000000,1.000000
USD/USD,2003-07-31,1.000000,1.000000
USD/USD,2003-08-31,1.000000,1.000000
USD/USD,2003-09-30,1.000000,1.000000
USD/USD,2003-10-31,1.000000,1.000000
USD/USD,2003-11-30,1.000000,1.000000
USD/USD,2003-12-31,1.000000,1.000000
USD/USD,2004-01-31,1.000000,1.000000
USD/USD,2004-02-29,1.000000,1.000000
USD/USD,2004-03-31,1.000000,1.000000
USD/USD,2004-04-30,1.000000,1.000000
USD/USD,2004-05-31,1.000000,1.000000
USD/USD,2004-06-30,1.000000,1.000000
USD/USD,2004-07-31,1.000000,1.000000
USD/USD,2004-08-31,1.000000,1.000000
USD/USD,2004-09-30,1.000000,1.000000
USD/USD,2004-10-31,1.000000,1.000000
USD/USD,2004-11-30,1.000000,1.000000
USD/USD,2004-12-31,1.000000,1.000000
USD/USD,2005-01-31,1.000000,1.000000
USD/USD,2005-02-28,1.000000,1.000000
USD/USD,2005-03-31,1.000000,1.000000
USD/USD,2005-04-30,1.000000,1.000000
USD/USD,2005-05-31,1.000000,1.000000
USD/USD,2005-06-30,1.000000,1.000000
USD/USD,2005-07-31,1.000000,1.000000
USD/USD,2005-08-31,1.000000,1.000000
USD/USD,2005-09-30,1.000000,1.000000
USD/USD,2005-10-31,1.000000,1.000000
USD/USD,2005-11-30,1.000000,1.000000
USD/USD,2005-12-31,1.000000,1.000000
USD/USD,2006-01-31,1.000000,1.000000
USD/USD,2006-02-28,1.000000,1.000000
USD/USD,2006-03-31,1.000000,1.000000
USD/USD,2006-04-30,1.000000,1.000000
USD/USD,2006-05-31,1.000000,1.000000
USD/USD,2006-06-30,1.000000,1.000000
USD/USD,2006-07-31,1.000000,1.000000
USD/USD,2006-08-31,1.000000,1.000000
USD/USD,2006-09-30,1.000000,1.000000
USD/USD,2006-10-31,1.000000,1.000000
USD/USD,2006-11-30,1.000000,1.000000
USD/USD,2006-12-31,1.000000,1.000000
USD/USD,2007-01-31,1.000000,1.000000
USD/USD,2007-02-28,1.000000,1.000000
USD/USD,2007-03-31,1.000000,1.000000
USD/USD,2007-04-30,1.000000,1.000000
USD/USD,2007-05-31,1.000000,1.000000
USD/USD,2007-06-30,1.000000,1.000000
USD/USD,2007-07-31,1.000000,1.000000
USD/USD,2007-08-31,1.000000,1.000000
USD/USD,2007-09-30,1.000000,1.000000
USD/USD,2007-10-31,1.000000,1.000000
USD/USD,2007-11-30,1.000000,1.000000
USD/USD,2007-12-31,1.000000,1.000000
USD/USD,2008-01-31,1.000000,1.000000
USD/USD,2008-02-29,1.000000,1.000000
USD/USD,2008-03-31,1.000000,1.000000
USD/USD,2008-04-30,1.000000,1.000000
USD/USD,2008-05-31,1.000000,1.000000
USD/USD,2008-06-30,1.000000,1.000000
USD/USD,2008-07-31,1.000000,1.000000
USD/USD,2008-08-31,1.000000,1.000000
USD/USD,2008-09-30,1.000000,1.000000
USD/USD,2008-10-31,1.000000,1.000000
USD/USD,2008-11-30,1.000000,1.000000
USD/USD,2008-12-31,1.000000,1.000000
USD/USD,2009-01-31,1.000000,1.000000
USD/USD,2009-02-28,1.000000,1.000000
USD/USD,2009-03-31,1.000000,1.000000
USD/USD,2009-04-30,1.000000,1.000000
USD/USD,2009-05-31,1.000000,1.000000
USD/USD,2009-06-30,1.000000,1.000000
USD/USD,2009-07-31,1.000000,1.000000
USD/USD,2009-08-31,1.000000,1.000000
USD/USD,2009-09-30,1.000000,1.000000
USD/USD,2009-10-31,1.000000,1.000000
USD/USD,2009-11-30,1.000000,1.000000
USD/USD,2009-12-31,1.000000,1.000000
USD/USD,2010-01-31,1.000000,1.000000
USD/USD,2010-02-28,1.000000,1.000000
USD/USD,2010-03-31,1.000000,1.000000
USD/USD,2010-04-30,1.000000,1.000000
USD/USD,2010-05-31,1.000000,1.000000
USD/USD,2010-06-30,1.000000,1.000000
USD/USD,2010-07-31,1.000000,1.000000
USD/USD,2010-08-31,1.000000,1.000000
USD/USD,2010-09-30,1.000000,1.000000
USD/USD,2010-10-31,1.000000,1.000000
USD/USD,2010-11-30,1.000000,1.000000
USD/USD,2010-12-31,1.000000,1.000000
USD/USD,2011-01-31,1.000000,1.000000
USD/USD,2011-02-28,1.000000,1.000000
USD/USD,2011-03-31,1.000000,1.000000
USD/USD,2011-04-30,1.000000,1.000000
USD/USD,2011-05-31,1.000000,1.000000
USD/USD,2011-06-30,1.000000,1.000000
USD/USD,2011-07-31,1.000000,1.000000
USD/USD,2011-08-31,1.000000,1.000000
USD/USD,2011-09-30,1.000000,1.000000
USD/USD,2011-10-31,1.000000,1.000000
USD/USD,2011-11-30,1.000000,1.000000
USD/USD,2011-12-31,1.000000,1.000000
USD/USD,2012-01-31,1.000000,1.000000
USD/USD,2012-02-29,1.000000,1.000000
USD/USD,2012-03-31,1.000000,1.000000
USD/USD,2012-04-30,1.000000,1.000000
USD/USD,2012-05-31,1.000000,1.000000
USD/USD,2012-06-30,1.000000,1.000000
USD/USD,2012-07-31,1.000000,1.000000
USD/USD,2012-08-31,1.000000,1.000000
USD/USD,2012-09-30,1.000000,1.000000
USD/USD,2012-10-31,1.000000,1.000000
USD/USD,2012-11-30,1.000000,1.000000
USD/USD,2012-12-31,1.000000,1.000000
USD/USD,2013-01-31,1.000000,1.000000
USD/USD,2013-02-28,1.000000,1.000000
USD/USD,2013-03-31,1.000000,1.000000
USD/USD,2013-04-30,1.000000,1.000000
USD/USD,2013-05-31,1.000000,1.000000
USD/USD,2013-06-30,1.000000,1.000000
USD/USD,2013-07-31,1.000000,1.000000
USD/USD,2013-08-31,1.000000,1.000000
USD/USD,2013-09-30,1.000000,1.000000
USD/USD,2013-10-31,1.000000,1.000000
USD/USD,2013-11-30,1.000000,1.000000
USD/USD,2013-12-31,1.000000,1.000000
USD/USD,2014-01-31,1.000000,1.000000
USD/USD,2014-02-28,1.000000,1.000000
USD/USD,2014-03-31,1.000000,1.000000
USD/USD,2014-04-30,1.000000,1.000000
USD/USD,2014-05-31,1.000000,1.000000
USD/USD,2014-06-30,1.000000,1.000000
USD/USD,2014-07-31,1.000000,1.000000
USD/USD,2014-08-31,1.000000,1.000000
USD/USD,2014-09-30,1.000000,1.000000
USD/USD,2014-10-31,1.000000,1.000000
USD/USD,2014-11-30,1.000000,1.000000
USD/USD,2014-12-31,1.000000,1.000000
USD/USD,2015-01-31,1.000000,1.000000
USD/USD,2015-02-28,1.000000,1.000000
USD/USD,2015-03-31,1.000000,1.000000
USD/USD,2015-04-30,1.000000,1.000000
USD/USD,2015-05-31,1.000000,1.000000
USD/USD,2015-06-30,1.000000,1.000000
USD/USD,2015-07-31,1.000000,1.000000
USD/USD,2015-08-31,1.000000,1.000000
USD/USD,2015-09-30,1.000000,1.000000
USD/USD,2015-10-31,1.000000,1.000000
USD/USD,2015-11-30,1.000000,1.000000
USD/USD,2015-12-31,1.000000,1.000000
USD/USD,2016-01-31,1.000000,1.000000
USD/USD,2016-02-29,1.000000,1.000000
USD/USD,2016-03-31,1.000000,1.000000
USD/USD,2016-04-30,1.000000,1.000000
USD/USD,2016-05-31,1.000000,1.000000
USD/USD,2016-06-30,1.000000,1.000000
USD/USD,2016-07-31,1.000000,1.000000
USD/USD,2016-08-31,1.000000,1.000000
USD/USD,2016-09-30,1.000000,1.000000
USD/USD,2016-10-31,1.000000,1.000000
USD/USD,2016-11-30,1.000000,1.000000
USD/USD,2016-12-31,1.000000,1.000000
USD/USD,2017-01-31,1.000000,1.000000
USD/USD,2017-02-28,1.000000,1.000000
USD/USD,2017-03-31,1.000000,1.000000
USD/USD,2017-04-30,1.000000,1.000000
USD/USD,2017-05-31,1.000000,1.000000
USD/USD,2017-06-30,1.000000,1.000000
USD/USD,2017-07-31,1.000000,1.000000
USD/USD,2017-08-31,1.000000,1.000000
USD/USD,2017-09-30,1.000000,1.000000
USD/USD,2017-10-31,1.000000,1.000000
USD/USD,2017-11-30,1.000000,1.000000
USD/USD,2017-12-31,1.000000,1.000000
USD/USD,2018-01-31,1.000000,1.000000
USD/USD,2018-02-28,1.000000,1.000000
USD/USD,2018-03-31,1.000000,1.000000
USD/USD,2018-04-30,1.000000,1.000000
USD/USD,2018-05-31,1.000000,1.000000
USD/USD,2018-06-30,1.000000,1.000000
USD/USD,2018-07-31,1.000000,1.000000
USD/USD,2018-08-31,1.000000,1.000000
USD/USD,2018-09-30,1.000000,1.000000
USD/USD,2018-10-31,1.000000,1.000000
USD/USD,2018-11-30,1.000000,1.000000
USD/USD,2018-12-31,1.000000,1.000000
USD/USD,2019-01-31,1.000000,1.000000
USD/USD,2019-02-28,1.000000,1.000000
USD/USD,2019-03-31,1.000000,1.000000
USD/USD,2019-04-30,1.000000,1.000000
USD/USD,2019-05-31,1.000000,1.000000
USD/USD,2019-06-30,1.000000,1.000000
USD/USD,2019-07-31,1.000000,1.000000
USD/USD,2019-08-31,1.000000,1.000000
USD/USD,2019-09-30,1.000000,1.000000
USD/USD,2019-10-31,1.000000,1.000000
USD/USD,2019-11-30,1.000000,1.000000
USD/USD,2019-12-31,1.000000,1.000000
USD/USD,2020-01-31,1.000000,1.000000
USD/USD,2020-02-29,1.000000,1.000000
USD/USD,2020-03-31,1.000000,1.000000
USD/USD,2020-04-30,1.000000,1.000000
USD/USD,2020-05-31,1.000000,1.000000
USD/USD,2020-06-30,1.000000,1.000000
USD/USD,2020-07-31,1.000000,1.000000
USD/USD,2020-08-31,1.000000,1.000000
USD/USD,2020-09-30,1.000000,1.000000
USD/USD,2020-10-31,1.000000,1.000000
USD/USD,2020-11-30,1.000000,1.000000
USD/USD,2020-12-31,1.000000,1.000000
USD/USD,2021-01-31,1.000000,1.000000
USD/USD,2021-02-28,1.000000,1.000000
USD/USD,2021-03-31,1.000000,1.000000
USD/USD,2021-04-30,1.000000,1.000000
USD/USD,2021-05-31,1.000000,1.000000
USD/USD,2021-06-30,1.000000,1.000000
USD/USD,2021-07-31,1.000000,1.000000
USD/USD,2021-08-31,1.000000,1.000000
USD/USD,2021-09-30,1.000000,1.000000
USD/USD,2021-10-31,1.000000,1.000000
USD/USD,2021-11-30,1.000000,1.000000
USD/USD,2021-12-31,1.000000,1.000000
USD/USD,2022-01-31,1.000000,1.000000
USD/USD,2022-02-28,1.000000,1.000000
USD/USD,2022-03-31,1.000000,1.000000
USD/USD,2022-04-30,1.000000,1.000000
USD/USD,2022-05-31,1.000000,1.000000
USD/USD,2022-06-30,1.000000,1.000000
USD/USD,2022-07-31,1.000000,1.000000
USD/USD,2022-08-31,1.000000,1.000000
USD/USD,2022-09-30,1.000000,1.000000
USD/USD,2022-10-31,1.000000,1.000000
USD/USD,2022-11-30,1.000000,1.000000
USD/USD,2022-12-31,1.000000,1.000000
USD/USD,2023-01-31,1.000000,1.000000
USD/USD,2023-02-28,1.000000,1.000000
USD/USD,2023-03-31,1.000000,1.000000
USD/USD,2023-04-30,1.000000,1.000000
USD/USD,2023-05-31,1.000000,1.000000
USD/USD,2023-06-30,1.000000,1.000000
USD/USD,2023-07-31,1.000000,1.000000
USD/USD,2023-08-31,1.000000,1.000000
USD/USD,2023-09-30,1.000000,1.000000
USD/USD,2023-10-31,1.000000,1.000000
USD/USD,2023-11-30,1.000000,1.000000
USD/USD,2023-12-31,1.000000,1.000000
USD/USD,2024-01-31,1.000000,1.000000
USD/USD,2024-02-29,1.000000,1.000000
USD/USD,2024-03-31,1.000000,1.000000
USD/USD,2024-04-30,1.000000,1.000000
USD/USD,2024-05-31,1.000000,1.000000
USD/USD,2024-06-30,1.000000,1.000000
USD/USD,2024-07-31,1.000000,1.000000
USD/USD,2024-08-31,1.000000,1.000000
USD/USD,2024-09-30,1.000000,1.000000
USD/USD,2024-10-31,1.000000,1.000000
USD/USD,2024-11-30,1.000000,1.000000
USD/USD,2024-12-31,1.000000,1.000000
USD/USD,2025-01-31,1.000000,1.000000
USD/USD,2025-02-28,1.000000,1.000000
USD/USD,2025-03-31,1.000000,1.000000
USD/USD,2025-04-30,1.000000,1.000000
USD/USD,2025-05-31,1.000000,1.000000
USD/USD,2025-06-30,1.000000,1.000000
USD/USD,2025-07-31,1.000000,1.000000
USD/USD,2025-08-31,1.000000,1.000000
USD/USD,2025-09-30,1.000000,1.000000
USD/USD,2025-10-31,1.000000,1.000000
USD/USD,2025-11-30,1.000000,1.000000
USD/USD,2025-12-31,1.000000,1.000000
USD/USD,2026-01-31,1.000000,1.000000
USD/USD,2026-02-28,1.000000,1.000000
USD/USD,2026-03-31,1.000000,1.000000
USD/USD,2026-04-30,1.000000,1.000000
USD/USD,2026-05-31,1.000000,1.000000
USD/USD,2026-06-30,1.000000,1.000000
USD/USD,2026-07-31,1.000000,1.000000
USD/USD,2026-08-31,1.000000,1.000000
USD/USD,2026-09-30,1.000000,1.000000
USD/USD,2026-10-31,1.000000,1.000000
USD/USD,2026-11-30,1.000000,1.000000
USD/USD,2026-12-31,1.000000,1.000000
