company,ticker,cohort_name,cohort_year,filing_form,filing_date,accession,dividends,share_repurchases,cash_and_equivalents,marketable_securities,total_debt,major_acquisition_signal,capital_allocation_summary,evidence_chunk_ids,evidence_excerpt,confidence,notes
Coca-Cola,KO,earlier_sp500_top20_1996,1996,10-K405,1997-03-11,0000021344-97-000014,not_disclosed,not_disclosed,"1,433",225,"1,116",not_disclosed,Cash/securities/debt and cash-return fields extracted where directly supported; conservative not_disclosed values retained otherwise.,raw:KO-1996:L7683-L7701,"Selected annual evidence supports dividends not_disclosed, repurchases not_disclosed, cash 1,433, securities 225, debt 1,116.",medium,"1996 Form 10-K405 raw FDS gives sales, cash, securities, debt, and cost of goods; local pack rendered as directory listing."
Exxon Mobil,XOM,earlier_sp500_top20_1996,1996,10-K,1996-03-08,0000930661-96-000138,"3,765",not_disclosed,"1,508",281,"7,778",not_disclosed,Cash/securities/debt and cash-return fields extracted where directly supported; conservative not_disclosed values retained otherwise.,raw:XOM-1996:L4210-L4228; raw:XOM-1996:L1759-L1787,"Selected annual evidence supports dividends 3,765, repurchases not_disclosed, cash 1,508, securities 281, debt 7,778.",medium,"1995 Exxon annual is nearest available annual in the 1995-1997 window; FDS gives sales/cash/securities/debt, annual table gives employees."
Intel,INTC,earlier_sp500_top20_1996,1996,10-K,1997-03-28,0000050863-97-000020,not_disclosed,not_disclosed,"4,165","3,829",728,not_disclosed,Cash/securities/debt and cash-return fields extracted where directly supported; conservative not_disclosed values retained otherwise.,raw:INTC-1996:L4368-L4386; raw:INTC-1996:L520-L524,"Selected annual evidence supports dividends not_disclosed, repurchases not_disclosed, cash 4,165, securities 3,829, debt 728.",medium,"FDS gives sales/cash/securities/debt; R&D is directly disclosed; R&D intensity = 1,808 / 20,847."
Microsoft,MSFT,earlier_sp500_top20_1996,1996,10-K,1996-09-27,0000891020-96-001130,not_meaningful,348,"6,940",0,0,not_disclosed,Cash/securities/debt and cash-return fields extracted where directly supported; conservative not_disclosed values retained otherwise.,raw:MSFT-1996:L2982-L3000; raw:MSFT-1996:L678-L680; raw:MSFT-1996:L1036-L1044,"Selected annual evidence supports dividends not_meaningful, repurchases 348, cash 6,940, securities 0, debt 0.",medium,"FDS gives sales/cash/debt; R&D and employees are disclosed in business/MD&A; R&D intensity = 1,432 / 8,671."
General Electric,GE,earlier_sp500_top20_1996,1996,10-K405,1997-03-21,0000040545-97-000005,not_disclosed,not_disclosed,"4,191","59,889","49,246",not_disclosed,Cash/securities/debt and cash-return fields extracted where directly supported; conservative not_disclosed values retained otherwise.,raw:GE-1996:L6347-L6365; raw:GE-1996:L873-L885; raw:GE-1996:L3160-L3160,"Selected annual evidence supports dividends not_disclosed, repurchases not_disclosed, cash 4,191, securities 59,889, debt 49,246.",medium,"FDS separates GE sales of goods/services; selected annual discloses consolidated revenues of 79,179 in selected financial data; R&D intensity = 1,886 / 79,179."
Merck,MRK,earlier_sp500_top20_1996,1996,10-K,1997-03-03,0000310158-97-000003,474.0,388.0,535.1,0,46.4,not_disclosed,Cash/securities/debt and cash-return fields extracted where directly supported; conservative not_disclosed values retained otherwise.,raw:MRK-1996:L3886-L3904; raw:MRK-1996:L3262-L3284,"Selected annual evidence supports dividends 474.0, repurchases 388.0, cash 535.1, securities 0, debt 46.4.",medium,FDS uses thousands; converted to millions. R&D and capex lines support intensity formulas.
IBM,IBM,earlier_sp500_top20_1996,1996,10-K,1997-03-27,0000912057-97-010483,not_disclosed,not_disclosed,"7,687",450,0,not_disclosed,Cash/securities/debt and cash-return fields extracted where directly supported; conservative not_disclosed values retained otherwise.,raw:IBM-1996:L5525-L5543; raw:IBM-1996:L2943-L2954,"Selected annual evidence supports dividends not_disclosed, repurchases not_disclosed, cash 7,687, securities 450, debt 0.",medium,FDS gives sales/cash/securities/debt; employee line reviewed but exact total not extracted in this pass.
Procter & Gamble,PG,earlier_sp500_top20_1996,1996,10-K,1996-09-11,0000080424-96-000017,not_disclosed,not_disclosed,"2,074",446,"4,670",not_disclosed,Cash/securities/debt and cash-return fields extracted where directly supported; conservative not_disclosed values retained otherwise.,raw:PG-1996:L5301-L5319; raw:PG-1996:L234-L234,"Selected annual evidence supports dividends not_disclosed, repurchases not_disclosed, cash 2,074, securities 446, debt 4,670.",medium,FDS gives sales/cash/securities/debt; Item 1 gives employee count.
Johnson & Johnson,JNJ,earlier_sp500_top20_1996,1996,10-K405,1997-03-31,0000950123-97-002843,not_disclosed,not_disclosed,"2,011",125,"1,917",not_disclosed,Cash/securities/debt and cash-return fields extracted where directly supported; conservative not_disclosed values retained otherwise.,raw:JNJ-1996:L5770-L5788,"Selected annual evidence supports dividends not_disclosed, repurchases not_disclosed, cash 2,011, securities 125, debt 1,917.",medium,FDS gives sales/cash/securities/debt; other fields left conservative.
Walmart,WMT,earlier_sp500_top20_1996,1996,10-K,1997-04-21,0000104169-97-000003,not_disclosed,not_disclosed,883,0,0,not_disclosed,Cash/securities/debt and cash-return fields extracted where directly supported; conservative not_disclosed values retained otherwise.,raw:WMT-1996:L2468-L2486; raw:WMT-1996:L1701-L1724,"Selected annual evidence supports dividends not_disclosed, repurchases not_disclosed, cash 883, securities 0, debt 0.",medium,"FDS gives sales/cash/debt; capex line says more than $2.6B, so intensity uses 2,600 / 104,859 and is approximate."
Bristol-Myers Squibb,BMY,earlier_sp500_top20_1996,1996,10-K,1997-03-31,0000014272-97-000008,"1,507",not_disclosed,"1,681",504,966,not_disclosed,Cash/securities/debt and cash-return fields extracted where directly supported; conservative not_disclosed values retained otherwise.,raw:BMY-1996:L8543-L8561; raw:BMY-1996:L1312-L1317,"Selected annual evidence supports dividends 1,507, repurchases not_disclosed, cash 1,681, securities 504, debt 966.",medium,"FDS gives sales/cash/securities/debt; R&D intensity = 1,276 / 15,065."
Pfizer,PFE,earlier_sp500_top20_1996,1996,10-K,1997-03-28,0000950116-97-000605,not_disclosed,not_disclosed,"1,150",487,687,not_disclosed,Cash/securities/debt and cash-return fields extracted where directly supported; conservative not_disclosed values retained otherwise.,raw:PFE-1996:L14829-L14847; raw:PFE-1996:L337-L340; raw:PFE-1996:L907-L911,"Selected annual evidence supports dividends not_disclosed, repurchases not_disclosed, cash 1,150, securities 487, debt 687.",medium,FDS gives sales/cash/securities/debt; annual text notes multibillion R&D but exact 1996 amount was not extracted.
Walt Disney,DIS,earlier_sp500_top20_1996,1996,10-K405,1996-12-19,0000898430-96-005815,not_disclosed,462,278,454,"12,342",not_disclosed,Cash/securities/debt and cash-return fields extracted where directly supported; conservative not_disclosed values retained otherwise.,raw:DIS-1996:L10471-L10489; raw:DIS-1996:L1356-L1359,"Selected annual evidence supports dividends not_disclosed, repurchases 462, cash 278, securities 454, debt 12,342.",medium,Old Disney CIK annual selected per predecessor note; FDS gives sales/cash/securities/debt; repurchase text reviewed.
PepsiCo,PEP,earlier_sp500_top20_1996,1996,10-K,1997-03-25,0000077476-97-000007,675,"1,651",447,339,"8,439",not_disclosed,Cash/securities/debt and cash-return fields extracted where directly supported; conservative not_disclosed values retained otherwise.,raw:PEP-1996:L10591-L10609; raw:PEP-1996:L326-L328; raw:PEP-1996:L2443-L2444,"Selected annual evidence supports dividends 675, repurchases 1,651, cash 447, securities 339, debt 8,439.",medium,FDS gives sales/cash/securities/debt; annual text gives employees and cash returns.
Chevron,CVX,earlier_sp500_top20_1996,1996,10-K,1996-03-27,0000093410-96-000003,"1,255",not_disclosed,621,773,"4,521",not_disclosed,Cash/securities/debt and cash-return fields extracted where directly supported; conservative not_disclosed values retained otherwise.,raw:CVX-1996:L8392-L8410; raw:CVX-1996:L3917-L3931; raw:CVX-1996:L240-L240,"Selected annual evidence supports dividends 1,255, repurchases not_disclosed, cash 621, securities 773, debt 4,521.",medium,FDS gives sales/cash/securities/debt; R&D and capex lines support intensity formulas.
AIG,AIG,earlier_sp500_top20_1996,1996,10-K,1997-03-28,0000950123-97-002720,174.115,492.5,"58,740",not_meaningful,not_disclosed,not_disclosed,Cash/securities/debt and cash-return fields extracted where directly supported; conservative not_disclosed values retained otherwise.,raw:AIG-1996:L9306-L9306; raw:AIG-1996:L2556-L2557; raw:AIG-1996:L4149-L4149,"Selected annual evidence supports dividends 174.115, repurchases 492.5, cash 58,740, securities not_meaningful, debt not_disclosed.",low,Insurance company FDS extraction did not expose comparable revenue/debt tags; cash and capital-return lines cited.
Cisco Systems,CSCO,earlier_sp500_top20_1996,1996,10-K,1996-10-25,0000950149-96-001640,not_meaningful,115.621,279.695,"1,819.247",0,not_disclosed,Cash/securities/debt and cash-return fields extracted where directly supported; conservative not_disclosed values retained otherwise.,raw:CSCO-1996:L3963-L3981; raw:CSCO-1996:L604-L607; raw:CSCO-1996:L864-L870,"Selected annual evidence supports dividends not_meaningful, repurchases 115.621, cash 279.695, securities 1,819.247, debt 0.",medium,"FDS uses thousands; capex and R&D discussion cited, exact R&D amount left conservative."
Eli Lilly,LLY,earlier_sp500_top20_1996,1996,10-K,1996-03-25,0000059478-96-000001,not_disclosed,not_disclosed,999.549,84.644,"2,592.894",not_disclosed,Cash/securities/debt and cash-return fields extracted where directly supported; conservative not_disclosed values retained otherwise.,raw:LLY-1996:L5042-L5060; raw:LLY-1996:L607-L609; raw:LLY-1996:L2791-L2794,"Selected annual evidence supports dividends not_disclosed, repurchases not_disclosed, cash 999.549, securities 84.644, debt 2,592.894.",medium,FDS uses thousands; capex line supports intensity formula.
Fannie Mae,FNMA,earlier_sp500_top20_1996,1996,availability_exception,no-1995-1997-sec-annual,no-1995-1997-sec-annual,not_disclosed,not_disclosed,not_disclosed,not_meaningful,not_disclosed,not_disclosed,Cash/securities/debt and cash-return fields extracted where directly supported; conservative not_disclosed values retained otherwise.,availability_exception:FNMA-1996:no-sec-annual-filing,"Selected annual evidence supports dividends not_disclosed, repurchases not_disclosed, cash not_disclosed, securities not_meaningful, debt not_disclosed.",medium,No 1995-1997 SEC annual filing found; row is an availability exception.
JPMorgan Chase,JPM,earlier_sp500_top20_1996,1996,10-K,1997-03-25,0000950123-97-002412,not_disclosed,not_disclosed,"14,605",not_meaningful,not_disclosed,not_disclosed,Cash/securities/debt and cash-return fields extracted where directly supported; conservative not_disclosed values retained otherwise.,raw:JPM-1996:L11303-L11303,"Selected annual evidence supports dividends not_disclosed, repurchases not_disclosed, cash 14,605, securities not_meaningful, debt not_disclosed.",low,Bank annual FDS extraction did not expose comparable revenue/debt tags; row kept conservative.
NVIDIA,NVDA,current_sp500_top20_2026,2026,10-K,2026-02-25,0001045810-26-000021,974,40086,10605,39520,8468,not_disclosed,Cash/securities/debt and cash-return fields extracted where directly supported; conservative not_disclosed values retained otherwise.,76db4f64fb7c0f8c; 8e43a2ddda32c7ed; 924de81c8bd11bdd; faca9441d16bf926; 39b1f9aa9c8117b1; bf185bec4d719178; a5526e193eec418a; 8b8fce035b2486ff,"Selected annual filing evidence supports dividends 974, repurchases 40086, cash 10605, securities 39520, debt 8468.",medium,"Standard capital-allocation fields normalized from the selected annual XBRL sidecar; cited chunks include source balance sheet, cash-flow, or MD&A tables. Fields remain not_disclosed only when no unambiguous standard fact was extracted."
Alphabet,GOOGL,current_sp500_top20_2026,2026,10-K,2026-02-05,0001652044-26-000018,10049,45709,30708,96135,48543,not_disclosed,Cash/securities/debt and cash-return fields extracted where directly supported; conservative not_disclosed values retained otherwise.,2944603f9d6253ce; 299663073aeeae1c; 754218e0c456f4e1; 473595af56bb1539; e49cc0f92b0ae047; 4b5b38649ce5a51b; 28ecb9150d2ddc43,"Selected annual filing evidence supports dividends 10049, repurchases 45709, cash 30708, securities 96135, debt 48543.",medium,"Standard capital-allocation fields normalized from the selected annual XBRL sidecar; cited chunks include source balance sheet, cash-flow, or MD&A tables. Fields remain not_disclosed only when no unambiguous standard fact was extracted."
Apple,AAPL,current_sp500_top20_2026,2026,10-K,2025-10-31,0000320193-25-000079,15421,90711,35934,96486,90678,not_disclosed,Cash/securities/debt and cash-return fields extracted where directly supported; conservative not_disclosed values retained otherwise.,fa7828d9fce42172; ec069b7dcbf393a0; aabda7a3b9a62566; d3ff229b5d585614; a97865e42febd616; 2b17a1ff06db7259,"Selected annual filing evidence supports dividends 15421, repurchases 90711, cash 35934, securities 96486, debt 90678.",medium,"Standard capital-allocation fields normalized from the selected annual XBRL sidecar; cited chunks include source balance sheet, cash-flow, or MD&A tables. Fields remain not_disclosed only when no unambiguous standard fact was extracted."
Microsoft,MSFT,current_sp500_top20_2026,2026,10-K,2025-07-30,0000950170-25-100235,24082,18420,30242,64323,43151,not_disclosed,Cash/securities/debt and cash-return fields extracted where directly supported; conservative not_disclosed values retained otherwise.,8f5a9a653fd87359; effcee5a391032d3; d5335e6b9eb843f8; c971209182c2ecee; a5a8c70fd6b1b549; 54abdab03827b1a6,"Selected annual filing evidence supports dividends 24082, repurchases 18420, cash 30242, securities 64323, debt 43151.",medium,"Standard capital-allocation fields normalized from the selected annual XBRL sidecar; cited chunks include source balance sheet, cash-flow, or MD&A tables. Fields remain not_disclosed only when no unambiguous standard fact was extracted."
Amazon,AMZN,current_sp500_top20_2026,2026,10-K,2026-02-06,0001018724-26-000004,not_meaningful,0,86810,36219,68851,not_disclosed,Cash/securities/debt and cash-return fields extracted where directly supported; conservative not_disclosed values retained otherwise.,3912c859e32d4efc; ed3bd5a069aef122; a7ca4c3305e5c3c5; 2fbda36a60bf792b; f355ec6f4bf39ada; ed6c560457d7bf0e; ed5d3fdf9f0f11ad,"Selected annual filing evidence supports dividends not_meaningful, repurchases 0, cash 86810, securities 36219, debt 68851.",medium,"Standard capital-allocation fields normalized from the selected annual XBRL sidecar; cited chunks include source balance sheet, cash-flow, or MD&A tables. Fields remain not_disclosed only when no unambiguous standard fact was extracted."
Broadcom,AVGO,current_sp500_top20_2026,2026,10-K,2025-12-18,0001730168-25-000121,11142,2450,16178,not_disclosed,67120,not_disclosed,Cash/securities/debt and cash-return fields extracted where directly supported; conservative not_disclosed values retained otherwise.,4f47760ca73e32bb; 4645d17e6a4723d9; d23b6bd8ee80da71; f2d3578a8f7b545c; 437e48a795364216; ef0cf4f47de422d5; 5e54ca8a1c9230ab,"Selected annual filing evidence supports dividends 11142, repurchases 2450, cash 16178, securities not_disclosed, debt 67120.",medium,"Standard capital-allocation fields normalized from the selected annual XBRL sidecar; cited chunks include source balance sheet, cash-flow, or MD&A tables. Fields remain not_disclosed only when no unambiguous standard fact was extracted."
Meta Platforms,META,current_sp500_top20_2026,2026,10-K,2026-01-29,0001628280-26-003942,5324,26248,35873,45719,58744,not_disclosed,Cash/securities/debt and cash-return fields extracted where directly supported; conservative not_disclosed values retained otherwise.,73f51c843cd4097e; 1b4862134809d2ae; 88f5824f9e70b2ca; 1a3f6b42414fe151; 0794a59022e28193; b16af89d9dc2056d; a7e9d121c33196b9,"Selected annual filing evidence supports dividends 5324, repurchases 26248, cash 35873, securities 45719, debt 58744.",medium,"Standard capital-allocation fields normalized from the selected annual XBRL sidecar; cited chunks include source balance sheet, cash-flow, or MD&A tables. Fields remain not_disclosed only when no unambiguous standard fact was extracted."
Tesla,TSLA,current_sp500_top20_2026,2026,10-K,2026-01-29,0001628280-26-003952,not_meaningful,not_disclosed,16513,27546,not_disclosed,not_disclosed,Cash/securities/debt and cash-return fields extracted where directly supported; conservative not_disclosed values retained otherwise.,2bdeaf78d75e4dd5; efdbe9003d9ead54; 58a74a803da5cc84; e103ba154ea0ec46; 89edbe814c8e75bb; b74df017db8fe4df; 15bb2afdebb9a883,"Selected annual filing evidence supports dividends not_meaningful, repurchases not_disclosed, cash 16513, securities 27546, debt not_disclosed.",medium,"Standard capital-allocation fields normalized from the selected annual XBRL sidecar; cited chunks include source balance sheet, cash-flow, or MD&A tables. Fields remain not_disclosed only when no unambiguous standard fact was extracted."
Berkshire Hathaway,BRK.B,current_sp500_top20_2026,2026,10-K,2026-03-02,0001193125-26-083899,not_meaningful,not_disclosed,52569,17816,not_disclosed,not_disclosed,Cash/securities/debt and cash-return fields extracted where directly supported; conservative not_disclosed values retained otherwise.,2958c0e07eacaaa1; 8b481b70a1e2f5e7; ff841ce180860516; f9cf09ce941cf714; b0d0cda15f40f436; 2c76396045287c9b; 2c43ba957696b78b,"Selected annual filing evidence supports dividends not_meaningful, repurchases not_disclosed, cash 52569, securities 17816, debt not_disclosed.",low,"Standard capital-allocation fields normalized from the selected annual XBRL sidecar; cited chunks include source balance sheet, cash-flow, or MD&A tables. Fields remain not_disclosed only when no unambiguous standard fact was extracted."
Walmart,WMT,current_sp500_top20_2026,2026,10-K,2026-03-13,0000104169-26-000055,7507,8088,10727,not_disclosed,44762,not_disclosed,Cash/securities/debt and cash-return fields extracted where directly supported; conservative not_disclosed values retained otherwise.,8643ff20c037d17e; 74d3d427af9a5321; d5dac99b25c812b4; 66fbfbd58b56f0b7; f50e97c42ff582ad; c89277bb772d917e; b6581f912d2bc286,"Selected annual filing evidence supports dividends 7507, repurchases 8088, cash 10727, securities not_disclosed, debt 44762.",medium,"Standard capital-allocation fields normalized from the selected annual XBRL sidecar; cited chunks include source balance sheet, cash-flow, or MD&A tables. Fields remain not_disclosed only when no unambiguous standard fact was extracted."
JPMorgan Chase,JPM,current_sp500_top20_2026,2026,10-K,2026-02-13,0001628280-26-008131,16625,31591,343338,507198,435206,not_disclosed,Cash/securities/debt and cash-return fields extracted where directly supported; conservative not_disclosed values retained otherwise.,d0e7aadfe0820527; c9f7823e98a90319; b459d587630fcda2; a0ee3c4810d5fa6b; e39afd2d839e907b; e076b80ece4bb745; d0f3f7fedc7a80c0; ce98e675e286107a,"Selected annual filing evidence supports dividends 16625, repurchases 31591, cash 343338, securities 507198, debt 435206.",low,"Standard capital-allocation fields normalized from the selected annual XBRL sidecar; cited chunks include source balance sheet, cash-flow, or MD&A tables. Fields remain not_disclosed only when no unambiguous standard fact was extracted."
Eli Lilly,LLY,current_sp500_top20_2026,2026,10-K,2026-02-12,0000059478-26-000013,5384,4108,7268,not_disclosed,42503,not_disclosed,Cash/securities/debt and cash-return fields extracted where directly supported; conservative not_disclosed values retained otherwise.,cc99294f464388fa; 9f933cf8a3152410; 03d7de98f092489a; d2dcbe679f4a6786; caaf18b97fb567f8; 54613c492c278088; 354c5c323cd67894,"Selected annual filing evidence supports dividends 5384, repurchases 4108, cash 7268, securities not_disclosed, debt 42503.",medium,"Standard capital-allocation fields normalized from the selected annual XBRL sidecar; cited chunks include source balance sheet, cash-flow, or MD&A tables. Fields remain not_disclosed only when no unambiguous standard fact was extracted."
Exxon Mobil,XOM,current_sp500_top20_2026,2026,10-K,2026-02-18,0000034088-26-000045,17231,20273,10681,not_disclosed,43537,not_disclosed,Cash/securities/debt and cash-return fields extracted where directly supported; conservative not_disclosed values retained otherwise.,d69376907ed8777a; fcdf22cb91490105; 4d7e05b0a8854ea0; bbfae7d656389d51; 7d2b846d92770f2c; 303f86d6f5e6e69e,"Selected annual filing evidence supports dividends 17231, repurchases 20273, cash 10681, securities not_disclosed, debt 43537.",medium,"Standard capital-allocation fields normalized from the selected annual XBRL sidecar; cited chunks include source balance sheet, cash-flow, or MD&A tables. Fields remain not_disclosed only when no unambiguous standard fact was extracted."
Visa,V,current_sp500_top20_2026,2026,10-K,2025-11-06,0001403161-25-000089,4634,18316,17164,2421,25171,not_disclosed,Cash/securities/debt and cash-return fields extracted where directly supported; conservative not_disclosed values retained otherwise.,ecad61173b7d4527; 69abefc6acca05b1; 605be01d59209a5d; f5b0898e17ab9233; f2cad518558773d8; a62fbef9da30d6e7; 90358ae04e7fecb5,"Selected annual filing evidence supports dividends 4634, repurchases 18316, cash 17164, securities 2421, debt 25171.",medium,"Standard capital-allocation fields normalized from the selected annual XBRL sidecar; cited chunks include source balance sheet, cash-flow, or MD&A tables. Fields remain not_disclosed only when no unambiguous standard fact was extracted."
Micron Technology,MU,current_sp500_top20_2026,2026,10-K,2025-10-03,0000723125-25-000028,522,0,9642,not_disclosed,14577,not_disclosed,Cash/securities/debt and cash-return fields extracted where directly supported; conservative not_disclosed values retained otherwise.,386867fcdf159431; e0edc2ae5ba05323; 0986712ab1f8f432; e5909c2d4033241f; c118a85588fd0e23; f918671101580e44; 7ac6ccdfd6fb7580,"Selected annual filing evidence supports dividends 522, repurchases 0, cash 9642, securities not_disclosed, debt 14577.",medium,"Standard capital-allocation fields normalized from the selected annual XBRL sidecar; cited chunks include source balance sheet, cash-flow, or MD&A tables. Fields remain not_disclosed only when no unambiguous standard fact was extracted."
Advanced Micro Devices,AMD,current_sp500_top20_2026,2026,10-K,2026-02-04,0000002488-26-000018,not_disclosed,1316,5539,5013,3222,not_disclosed,Cash/securities/debt and cash-return fields extracted where directly supported; conservative not_disclosed values retained otherwise.,34939d242a49c7a2; b794e110d9b3769a; 49f10deba779caad; ed2ab5f61012ad5e; 9782eb07c32d800d; 93dceb769101d7a3; 7a6ac3f5adf53288,"Selected annual filing evidence supports dividends not_disclosed, repurchases 1316, cash 5539, securities 5013, debt 3222.",medium,"Standard capital-allocation fields normalized from the selected annual XBRL sidecar; cited chunks include source balance sheet, cash-flow, or MD&A tables. Fields remain not_disclosed only when no unambiguous standard fact was extracted."
Johnson & Johnson,JNJ,current_sp500_top20_2026,2026,10-K,2026-02-11,0000200406-26-000016,12381,5953,19709,393,49933,not_disclosed,Cash/securities/debt and cash-return fields extracted where directly supported; conservative not_disclosed values retained otherwise.,cada017cefbc5fa1; ddf0b35bfe20f720; 90a70f54551b403d; c721fe4f988f1aaf; 6c5c1c2981f844ae; d606985e75bb6d8e; bbdd84f417a18f4a,"Selected annual filing evidence supports dividends 12381, repurchases 5953, cash 19709, securities 393, debt 49933.",medium,"Standard capital-allocation fields normalized from the selected annual XBRL sidecar; cited chunks include source balance sheet, cash-flow, or MD&A tables. Fields remain not_disclosed only when no unambiguous standard fact was extracted."
Oracle,ORCL,current_sp500_top20_2026,2026,10-K,2025-06-18,0000950170-25-087926,4743,600,10786,not_disclosed,92568,not_disclosed,Cash/securities/debt and cash-return fields extracted where directly supported; conservative not_disclosed values retained otherwise.,f3ede522013cf9e5; 8ce3c6c1a3073dd1; 594fd9c9d7012424; 6d294f8168650a47; 86bfef1f6307b5d6; 776323fa5993ed47; 8e8c229c0615af41,"Selected annual filing evidence supports dividends 4743, repurchases 600, cash 10786, securities not_disclosed, debt 92568.",medium,"Standard capital-allocation fields normalized from the selected annual XBRL sidecar; cited chunks include source balance sheet, cash-flow, or MD&A tables. Fields remain not_disclosed only when no unambiguous standard fact was extracted."
Mastercard,MA,current_sp500_top20_2026,2026,10-K,2026-02-11,0001141391-26-000013,2756,11727,10566,319,19000,not_disclosed,Cash/securities/debt and cash-return fields extracted where directly supported; conservative not_disclosed values retained otherwise.,c6ab47a3be08dc78; e0e0ef75933df8ad; 2ceef30bdbfe9d2b; c64b8a18557b8889; ab48bd971c896ea8; 98d8762afcdafcfc; 58306ad3ce1755c7; 01e8bfef31bbdd32,"Selected annual filing evidence supports dividends 2756, repurchases 11727, cash 10566, securities 319, debt 19000.",medium,"Standard capital-allocation fields normalized from the selected annual XBRL sidecar; cited chunks include source balance sheet, cash-flow, or MD&A tables. Fields remain not_disclosed only when no unambiguous standard fact was extracted."
Costco Wholesale,COST,current_sp500_top20_2026,2026,10-K,2025-10-08,0000909832-25-000101,2183,903,14161,1123,5788,not_disclosed,Cash/securities/debt and cash-return fields extracted where directly supported; conservative not_disclosed values retained otherwise.,a0e37c097fccca33; 498b96b34c471de9; 58d394300bbcfca4; d4e8abe9fab8bb05; 6623223a9e1f9414; 396beddf2b2137dd,"Selected annual filing evidence supports dividends 2183, repurchases 903, cash 14161, securities 1123, debt 5788.",medium,"Standard capital-allocation fields normalized from the selected annual XBRL sidecar; cited chunks include source balance sheet, cash-flow, or MD&A tables. Fields remain not_disclosed only when no unambiguous standard fact was extracted."
