company,ticker,cohort_name,cohort_year,filing_form,filing_date,accession,kpi_name,kpi_value,kpi_unit,kpi_section,kpi_category,evidence_chunk_ids,evidence_excerpt,confidence,notes
Coca-Cola,KO,earlier_sp500_top20_1996,1996,10-K405,1997-03-11,0000021344-97-000014,worldwide unit case volume by bottler type,independent bottlers 40%; equity/investee bottlers 45%; controlled/consolidated operations 15%,percent of worldwide unit case volume,Business - bottling system,unit_volume,raw:KO-1996:L449-L460,"The filing breaks worldwide unit case volume into independent bottlers at 40%, equity/investee bottlers at 45%, and controlled/consolidated operations at 15%.",high,Raw SEC anchor used because the old annual pack renders poorly.
Exxon Mobil,XOM,earlier_sp500_top20_1996,1996,10-K,1996-03-08,0000930661-96-000138,net proved oil and gas reserves,"oil 11,813; gas 5,427",million barrels oil; billion cubic feet gas,Supplemental oil and gas information,production_or_capacity,raw:XOM-1996:L257-L294; raw:XOM-1996:L306-L312,"The annual filing presents total net proved reserves of oil at 11,813 million barrels and gas at 5,427 billion cubic feet.",high,Raw SEC anchor used because the old annual pack renders poorly.
Intel,INTC,earlier_sp500_top20_1996,1996,10-K,1997-03-28,0000050863-97-000020,Pentium microprocessors and related board-level products revenue mix,majority of revenue and substantial majority of gross margin,qualitative recurring product mix,Business - products,segment_metric,raw:INTC-1996:L210-L216,Intel states Pentium microprocessors and related board-level products made up the majority of revenues and a substantial majority of gross margin.,medium,Qualitative recurring product-mix KPI; no precise value disclosed in the cited passage.
Microsoft,MSFT,earlier_sp500_top20_1996,1996,10-K,1996-09-27,0000891020-96-001130,Platforms Product Group revenue,4.11,USD billions,Management discussion - product groups,segment_metric,raw:MSFT-1996:L1661-L1665,"Product Group data shows Platforms Product Group revenue of $4.11 billion for 1996, up from $2.36 billion in 1995.",high,Raw SEC anchor used because the old annual pack renders poorly.
General Electric,GE,earlier_sp500_top20_1996,1996,10-K405,1997-03-21,0000040545-97-000005,Industrial Products and Systems revenue,"10,412",USD millions,Segment revenues,segment_metric,raw:GE-1996:L2408-L2415,"GE segment revenues include Industrial Products and Systems at $10,412 million for 1996.",high,Raw SEC anchor used because the old annual pack renders poorly.
Merck,MRK,earlier_sp500_top20_1996,1996,10-K,1997-03-19,0000950130-97-001093,Medco plan participants and prescriptions managed,over 49 million plan participants; over 235 million prescriptions managed,plan participants; prescriptions,Management discussion - other human health products and services,user_or_customer_scale,raw:MRK-1996:L2311-L2316,"Merck disclosed that Medco managed pharmaceutical benefits for over 49 million plan participants and managed over 235 million prescriptions in 1996.",high,Corrected to historical Merck CIK 0000064978; raw SEC anchor used because the old annual pack renders poorly.
IBM,IBM,earlier_sp500_top20_1996,1996,10-K,1997-03-27,0000912057-97-010483,none_disclosed,not_disclosed,not_disclosed,Business and selected financial data reviewed,none_disclosed,raw:IBM-1996:L2937-L2944; raw:IBM-1996:L5541-L5542,"Reviewed business and selected financial data; the cited sections disclose employees and consolidated revenue, but no recurring business KPI was validated.",medium,Conservative none_disclosed row; consolidated revenue was not treated as a KPI.
Procter & Gamble,PG,earlier_sp500_top20_1996,1996,10-K,1996-09-11,0000080424-96-000017,Laundry and Cleaning segment net sales,"10,673",USD millions,Business segments,segment_metric,raw:PG-1996:L4678-L4685,"Business segment net sales list Laundry and Cleaning at $10,673 million for 1996.",high,Raw SEC anchor used because the old annual pack renders poorly.
Johnson & Johnson,JNJ,earlier_sp500_top20_1996,1996,10-K405,1997-03-31,0000950123-97-002843,Professional segment sales,"8,068",USD millions,Business segments,segment_metric,raw:JNJ-1996:L3327-L3331,"Johnson & Johnson segment sales show Professional at $8,068 million for 1996.",high,Raw SEC anchor used because the old annual pack renders poorly.
Walmart,WMT,earlier_sp500_top20_1996,1996,10-K,1997-04-21,0000104169-97-000003,domestic store and club count,"Wal-Mart stores 1,960; Sam's Clubs 436; Supercenters 344",stores/clubs,Business - store operations,store_or_location_count,raw:WMT-1996:L174-L180,"At January 31, 1997, Walmart operated 1,960 Wal-Mart stores, 436 Sam's Clubs, and 344 Supercenters domestically.",high,Raw SEC anchor used because the old annual pack renders poorly.
Bristol-Myers Squibb,BMY,earlier_sp500_top20_1996,1996,10-K,1997-03-31,0000014272-97-000008,Pharmaceutical Products segment sales,"8,702",USD millions,Pharmaceutical Products segment,segment_metric,raw:BMY-1996:L1328-L1336,"Bristol-Myers Squibb states Pharmaceutical Products segment sales were $8,702 million and 58% of total sales.",high,Raw SEC anchor used because the old annual pack renders poorly.
Pfizer,PFE,earlier_sp500_top20_1996,1996,10-K,1997-03-28,0000950116-97-000605,Health Care segment net sales,"9,630",USD millions,Net sales by business segment,segment_metric,raw:PFE-1996:L9729-L9738,"Net sales by business segment show Health Care at $9,630 million for 1996.",high,Raw SEC anchor used because the old annual pack renders poorly.
Walt Disney,DIS,earlier_sp500_top20_1996,1996,10-K405,1996-12-19,0000898430-96-005815,Creative Content segment revenues,"10,095",USD millions,Segment revenues,segment_metric,raw:DIS-1996:L2761-L2766,"Disney segment revenues list Creative Content at $10,095 million for 1996.",high,Raw SEC anchor used because the old annual pack renders poorly.
PepsiCo,PEP,earlier_sp500_top20_1996,1996,10-K,1997-03-25,0000077476-97-000007,Pizza Hut system unit count,"company/affiliate 5,045; franchisee 3,165; licensee 1,155","restaurants, delivery/carryout units, and kiosk outlets",Business - restaurant operations,store_or_location_count,raw:PEP-1996:L235-L250,"PepsiCo discloses Pizza Hut company/affiliate units, franchisee units, and licensee kiosk outlets in the United States, Canada, Guam, and Saipan.",high,"Counts aggregate the directly cited Pizza Hut rows: 4,800 plus 245; 3,000 plus 165; 1,000 plus 155."
Chevron,CVX,earlier_sp500_top20_1996,1996,10-K,1996-03-27,0000093410-96-000003,net production including affiliates,"liquids 1,000,710; natural gas 2,432,800",barrels per day; thousand cubic feet per day,Exploration and production statistics,production_or_capacity,raw:CVX-1996:L982-L1016; raw:CVX-1996:L1023-L1035,"Chevron production tables disclose net liquids production of 1,000,710 barrels per day and natural gas of 2,432,800 thousand cubic feet per day.",high,Raw SEC anchor used because the old annual pack renders poorly.
AIG,AIG,earlier_sp500_top20_1996,1996,10-K,1997-03-28,0000950123-97-002720,general insurance gross premiums written,"18,319,132",USD thousands,General insurance operating data,financial_services_metric,raw:AIG-1996:L197-L203,"AIG general insurance operating data reports gross premiums written of $18,319,132 thousand.",high,Raw SEC anchor used because the old annual pack renders poorly.
Cisco Systems,CSCO,earlier_sp500_top20_1996,1996,10-K,1996-10-25,0000950149-96-001640,international customer sales share,48.2,percent of net sales,Management discussion - sales channels and regions,segment_metric,raw:CSCO-1996:L1251-L1269,Cisco states international customers accounted for 48.2% of net sales in fiscal 1996.,medium,Recurring geographic/customer sales metric; raw SEC anchor used because the old annual pack renders poorly.
Eli Lilly,LLY,earlier_sp500_top20_1996,1996,10-K,1996-03-25,0000059478-96-000001,Prozac sales,2.1,USD billions approximate,Management discussion - pharmaceutical sales,segment_metric,raw:LLY-1996:L2473-L2484,"Lilly reports pharmaceutical sales of about $6.3 billion, led by Prozac sales of approximately $2.1 billion.",high,Product sales are presented in recurring pharmaceutical sales discussion.
Fannie Mae,FNMA,earlier_sp500_top20_1996,1996,availability_exception,no-1995-1997-sec-annual,no-1995-1997-sec-annual,none_disclosed,not_disclosed,not_disclosed,Selected annual filing availability,none_disclosed,availability_exception:FNMA-1996:no-sec-annual-filing,"No selected 1995-1997 SEC annual filing is available from Task 4, so KPI disclosure cannot be validated from a primary annual filing.",low,Availability exception carried forward from Task 4.
JPMorgan Chase,JPM,earlier_sp500_top20_1996,1996,10-K,1997-03-25,0000950123-97-002412,loans,"155,092",USD millions,Financial data schedule,financial_services_metric,raw:JPM-1996:L11291-L11310,"The Chase Manhattan financial data schedule reports loans of $155,092 million.",medium,Financial services balance-sheet KPI from the selected annual raw filing.
NVIDIA,NVDA,current_sp500_top20_2026,2026,10-K,2026-02-25,0001045810-26-000021,Compute & Networking segment revenue,"130,141",USD millions,Segment results,segment_metric,76db4f64fb7c0f8c,"NVIDIA segment results report Compute & Networking revenue of $130,141 million and Graphics revenue of $9,156 million.",high,Chunk-backed evidence from selected annual 10-K.
Alphabet,GOOGL,current_sp500_top20_2026,2026,10-K,2026-02-05,0001652044-26-000018,Google Cloud revenues,"58,705",USD millions,Segment revenues,segment_metric,7c2c95e2c66d9aac,"Alphabet segment revenues include Google Services at $342,721 million and Google Cloud at $58,705 million.",high,Chunk-backed evidence from selected annual 10-K.
Apple,AAPL,current_sp500_top20_2026,2026,10-K,2025-10-31,0000320193-25-000079,iPhone net sales,"209,586",USD millions,Products net sales,segment_metric,67e42a2107c11ccd,"Apple product net sales list iPhone at $209,586 million.",high,Chunk-backed evidence from selected annual 10-K.
Microsoft,MSFT,current_sp500_top20_2026,2026,10-K,2025-07-30,0000950170-25-100235,Intelligent Cloud revenue,"106,265",USD millions,Segment results,segment_metric,12d2b6ebe61c3703,"Microsoft segment results show Intelligent Cloud revenue of $106,265 million.",high,Chunk-backed evidence from selected annual 10-K.
Amazon,AMZN,current_sp500_top20_2026,2026,10-K,2026-02-06,0001018724-26-000004,AWS net sales,"128,725",USD millions,Segment net sales,segment_metric,ed6c560457d7bf0e,"Amazon segment net sales show AWS at $128,725 million.",high,Chunk-backed evidence from selected annual 10-K.
Broadcom,AVGO,current_sp500_top20_2026,2026,10-K,2025-12-18,0001730168-25-000121,Semiconductor solutions net revenue,"36,858",USD millions,Segment net revenue,segment_metric,5c5ad1014756413d,"Broadcom segment net revenue lists semiconductor solutions at $36,858 million and infrastructure software at $27,029 million.",high,Chunk-backed evidence from selected annual 10-K.
Meta Platforms,META,current_sp500_top20_2026,2026,10-K,2026-01-29,0001628280-26-003942,Family daily active people,3.58,billion average DAP,Family metrics,user_or_customer_scale,1b4862134809d2ae,Meta reports Family daily active people averaged 3.58 billion for December 2025.,high,Recurring platform metric from selected annual 10-K.
Tesla,TSLA,current_sp500_top20_2026,2026,10-K,2026-01-29,0001628280-26-003952,consumer vehicles delivered,1.64,million vehicles approximate,Business overview - vehicles and energy storage,unit_volume,2bdeaf78d75e4dd5,Tesla states it delivered approximately 1.64 million consumer vehicles and deployed 46.7 GWh of energy storage products.,high,Recurring unit-volume metric from selected annual 10-K.
Berkshire Hathaway,BRK.B,current_sp500_top20_2026,2026,10-K,2026-03-02,0001193125-26-083899,BNSF total freight cars/units,"9,622",thousands of cars/units,BNSF operating data,unit_volume,669cf53d60ff859b,"Berkshire reports BNSF total freight cars/units of 9,622 thousand for 2025.",high,Chunk-backed evidence from selected annual 10-K.
Walmart,WMT,current_sp500_top20_2026,2026,10-K,2026-03-13,0000104169-26-000055,Walmart U.S. Supercenters,"3,566",retail units,Unit counts,store_or_location_count,6fffbf1d11364638,"Walmart unit counts show Walmart U.S. Supercenters at 3,566 as of January 31, 2026.",high,Chunk-backed evidence from selected annual 10-K.
JPMorgan Chase,JPM,current_sp500_top20_2026,2026,10-K,2026-02-13,0001628280-26-008131,cards in force,116.5,million cards,Consumer and Community Banking metrics,financial_services_metric,af34a6ad1f330838,JPMorgan Chase reports cards in force of 116.5 million.,high,Chunk-backed financial services metric from selected annual 10-K.
Eli Lilly,LLY,current_sp500_top20_2026,2026,10-K,2026-02-12,0000059478-26-000013,Mounjaro net product revenue,"22,965",USD millions,Net product revenue,segment_metric,72b65526816d5c90,"Lilly net product revenue shows Mounjaro at $22,965 million.",high,Chunk-backed evidence from selected annual 10-K.
Exxon Mobil,XOM,current_sp500_top20_2026,2026,10-K,2026-02-18,0000034088-26-000045,oil-equivalent production,"4,736",thousand oil-equivalent barrels daily,Operating statistics,production_or_capacity,9d86c6b9e763c9a7,"Exxon Mobil operating statistics report oil-equivalent production of 4,736 thousand barrels daily.",high,Chunk-backed evidence from selected annual 10-K.
Visa,V,current_sp500_top20_2026,2026,10-K,2025-11-06,0001403161-25-000089,Visa processed transactions,"257,545",million transactions,Payments volume and processed transactions,financial_services_metric,08731104fc5d8024,"Visa reports processed transactions of 257,545 million.",high,Chunk-backed financial services metric from selected annual 10-K.
Micron Technology,MU,current_sp500_top20_2026,2026,10-K,2025-10-03,0000723125-25-000028,Cloud Memory Business Unit revenue,"13,524",USD millions,Business unit revenue,segment_metric,933d9e667d20a207,"Micron business-unit revenue lists CMBU at $13,524 million.",high,Chunk-backed evidence from selected annual 10-K.
Advanced Micro Devices,AMD,current_sp500_top20_2026,2026,10-K,2026-02-04,0000002488-26-000018,Data Center net revenue,"16,635",USD millions,Segment net revenue,segment_metric,8c9ea306ff08a701,"AMD segment net revenue reports Data Center at $16,635 million.",high,Chunk-backed evidence from selected annual 10-K.
Johnson & Johnson,JNJ,current_sp500_top20_2026,2026,10-K,2026-02-11,0000200406-26-000016,Innovative Medicine segment sales,"60,401",USD millions,Segment sales,segment_metric,ef97604b9d72b187,"Johnson & Johnson segment sales show Innovative Medicine at $60,401 million.",high,Chunk-backed evidence from selected annual 10-K.
Oracle,ORCL,current_sp500_top20_2026,2026,10-K,2025-06-18,0000950170-25-087926,Cloud and license revenues,"49,230",USD millions,Revenue by offering,segment_metric,7fb4171f9e147682,"Oracle revenue by offering shows cloud and license revenues of $49,230 million.",high,Chunk-backed evidence from selected annual 10-K.
Mastercard,MA,current_sp500_top20_2026,2026,10-K,2026-02-11,0001141391-26-000013,switched transactions,175.5,billion transactions,Operating metrics,financial_services_metric,adf87a8a06323b79,Mastercard reports switched transactions of 175.5 billion.,high,Chunk-backed financial services metric from selected annual 10-K.
Costco Wholesale,COST,current_sp500_top20_2026,2026,10-K,2025-10-08,0000909832-25-000101,warehouses worldwide,914,warehouses,Warehouse count,store_or_location_count,25d26c13cc6c3950,"Costco reports operating 914 warehouses worldwide at August 31, 2025.",high,Chunk-backed evidence from selected annual 10-K.
